2025-09-14 02:52:14.745: [INFO][Sync] Reset engine, reason: 8
2025-09-14 02:52:14.745: [INFO][Sync] Stopped: Bookmarks
2025-09-14 02:52:14.745: [INFO][Sync] Stopped: Preferences
2025-09-14 02:52:14.745: [INFO][Sync] Stopped: Passwords
2025-09-14 02:52:14.745: [INFO][Sync] Stopped: Autofill Profiles
2025-09-14 02:52:14.745: [INFO][Sync] Stopped: Autofill
2025-09-14 02:52:14.745: [INFO][Sync] Stopped: Extensions
2025-09-14 02:52:14.745: [INFO][Sync] Stopped: Sessions
2025-09-14 02:52:14.745: [INFO][Sync] Stopped: Extension settings
2025-09-14 02:52:14.745: [INFO][Sync] Stopped: History Delete Directives
2025-09-14 02:52:14.745: [INFO][Sync] Stopped: Device Info
2025-09-14 02:52:14.745: [INFO][Sync] Stopped: User Consents
2025-09-14 02:52:14.745: [INFO][Sync] Stopped: Send Tab To Self
2025-09-14 02:52:14.745: [INFO][Sync] Stopped: Web Apps
2025-09-14 02:52:14.745: [INFO][Sync] Stopped: History
2025-09-14 02:52:14.745: [INFO][Sync] Stopped: Saved Tab Group
2025-09-14 02:52:14.745: [INFO][Sync] Stopped: WebAuthn Credentials
2025-09-14 02:52:14.745: [INFO][Sync] Stopped: Collection
2025-09-14 02:52:14.745: [INFO][Sync] Stopped: Edge E Drop
2025-09-14 02:52:14.745: [INFO][Sync] Stopped: Edge Hub App Usage
2025-09-14 02:52:14.745: [INFO][Sync] Stopped: Edge Wallet
2025-09-14 02:52:14.746: [INFO][Sync] SyncState after authenticated was: NotSignedIn
2025-09-14 02:52:15.031: [INFO][Sync] Reset engine, reason: 8
2025-09-14 02:52:15.031: [INFO][Sync] Stopped: Bookmarks
2025-09-14 02:52:15.031: [INFO][Sync] Stopped: Preferences
2025-09-14 02:52:15.031: [INFO][Sync] Stopped: Passwords
2025-09-14 02:52:15.031: [INFO][Sync] Stopped: Autofill Profiles
2025-09-14 02:52:15.031: [INFO][Sync] Stopped: Autofill
2025-09-14 02:52:15.031: [INFO][Sync] Stopped: Extensions
2025-09-14 02:52:15.031: [INFO][Sync] Stopped: Sessions
2025-09-14 02:52:15.031: [INFO][Sync] Stopped: Extension settings
2025-09-14 02:52:15.031: [INFO][Sync] Stopped: History Delete Directives
2025-09-14 02:52:15.031: [INFO][Sync] Stopped: Device Info
2025-09-14 02:52:15.031: [INFO][Sync] Stopped: User Consents
2025-09-14 02:52:15.031: [INFO][Sync] Stopped: Send Tab To Self
2025-09-14 02:52:15.031: [INFO][Sync] Stopped: Web Apps
2025-09-14 02:52:15.031: [INFO][Sync] Stopped: History
2025-09-14 02:52:15.031: [INFO][Sync] Stopped: Saved Tab Group
2025-09-14 02:52:15.031: [INFO][Sync] Stopped: WebAuthn Credentials
2025-09-14 02:52:15.031: [INFO][Sync] Stopped: Collection
2025-09-14 02:52:15.031: [INFO][Sync] Stopped: Edge E Drop
2025-09-14 02:52:15.031: [INFO][Sync] Stopped: Edge Hub App Usage
2025-09-14 02:52:15.031: [INFO][Sync] Stopped: Edge Wallet
2025-09-14 02:52:16.460: [INFO][Sync] Try to start sync engine
2025-09-14 02:52:16.482: [INFO][SyncManagerImpl::NudgeForInitialDownload] Initial download nudge for Encryption Keys
2025-09-14 02:52:16.482: [INFO][SyncEngineBackend::LoadAndConnectNigoriController] Load and connect Nigori controller
2025-09-14 02:52:16.482: [INFO][SyncEngineBackend::DoInitialize] Control Types added: Encryption Keys
2025-09-14 02:52:16.482: [INFO][SyncManagerImpl::ConfigureSyncer] Types to download: Encryption Keys with reason: 3
2025-09-14 02:52:16.482: [INFO][SyncSchedulerImpl::DoConfigurationSyncCycleJob] Configure job was blocked
2025-09-14 02:52:17.191: [INFO][SyncAuthManager::SetLastAuthError] Current auth error: None
2025-09-14 02:52:17.191: [INFO][SyncAuthManager::EdgeLogTokenErrorState] Token error with: None for account type: MSA
2025-09-14 02:52:17.191: [INFO][Sync] Credentials changed for: EdgeSyncKeyDataScope
2025-09-14 02:52:17.191: [INFO][SyncEngineBackend::DoUpdateKeyDataCredentials] Update key data credentials
2025-09-14 02:52:17.251: [INFO][SyncAuthManager::SetLastAuthError] Current auth error: None
2025-09-14 02:52:17.251: [INFO][SyncAuthManager::EdgeLogTokenErrorState] Token error with: None for account type: MSA
2025-09-14 02:52:17.251: [INFO][Sync] Credentials changed for: EdgeSyncScopeNew
2025-09-14 02:52:17.252: [INFO][SyncEngineBackend::DoUpdateCredentials] Update credentials
2025-09-14 02:52:17.252: [INFO][SyncEngineBackend::DoUpdateKeyDataCredentials] Update key data credentials
2025-09-14 02:52:17.252: [INFO][SyncSchedulerImpl::DoConfigurationSyncCycleJob] Blocked types:  and types to download: Encryption Keys
2025-09-14 02:52:18.068: [INFO][Sync] Started DataTypeManager configuration, reason: 4
2025-09-14 02:52:18.068: [INFO][Sync] Configuring for: Bookmarks, Preferences, Passwords, Autofill Profiles, Autofill, Extensions, Sessions, Extension settings, History Delete Directives, Device Info, User Consents, Send Tab To Self, Web Apps, History, Saved Tab Group, WebAuthn Credentials, Collection, Edge E Drop, Edge Hub App Usage, Edge Wallet, Encryption Keys, reason: 3, current state: 0
2025-09-14 02:52:18.068: [WARN][Sync] Crypto error data types: Passwords, Autofill Profiles, Autofill
2025-09-14 02:52:18.071: [INFO][Sync] Configure, desired: Bookmarks, Preferences, Extensions, Sessions, Extension settings, History Delete Directives, Device Info, User Consents, Send Tab To Self, Web Apps, History, Saved Tab Group, WebAuthn Credentials, Collection, Edge E Drop, Edge Hub App Usage, Edge Wallet, Encryption Keys; Allow fail: Passwords, Autofill Profiles, Autofill
2025-09-14 02:52:18.071: [INFO][Sync] Loading: Bookmarks
2025-09-14 02:52:18.072: [INFO][Sync] Loading: Preferences
2025-09-14 02:52:18.072: [INFO][Sync] Loading: Extensions
2025-09-14 02:52:18.072: [INFO][Sync] Loading: Sessions
2025-09-14 02:52:18.072: [INFO][Sync] Loading: Extension settings
2025-09-14 02:52:18.072: [INFO][Sync] Loading: History Delete Directives
2025-09-14 02:52:18.072: [INFO][Sync] Loading: Device Info
2025-09-14 02:52:18.073: [INFO][Sync] Loading: User Consents
2025-09-14 02:52:18.073: [INFO][Sync] Loading: Send Tab To Self
2025-09-14 02:52:18.073: [INFO][Sync] Loading: Web Apps
2025-09-14 02:52:18.073: [INFO][Sync] Loading: History
2025-09-14 02:52:18.073: [INFO][Sync] Loading: Saved Tab Group
2025-09-14 02:52:18.073: [INFO][Sync] Loading: WebAuthn Credentials
2025-09-14 02:52:18.073: [INFO][Sync] Loading: Collection
2025-09-14 02:52:18.073: [INFO][Sync] Loading: Edge E Drop
2025-09-14 02:52:18.073: [INFO][Sync] Loading: Edge Hub App Usage
2025-09-14 02:52:18.073: [INFO][Sync] Loading: Edge Wallet
2025-09-14 02:52:18.077: [INFO][Sync] All data types are ready for configure.
2025-09-14 02:52:18.342: [INFO][Sync] Started DataTypeManager configuration, reason: 5
2025-09-14 02:52:18.342: [INFO][Sync] Configuring for: Bookmarks, Preferences, Passwords, Autofill Profiles, Autofill, Extensions, Sessions, Extension settings, History Delete Directives, Device Info, User Consents, Send Tab To Self, Web Apps, History, Saved Tab Group, WebAuthn Credentials, Collection, Edge E Drop, Edge Hub App Usage, Edge Wallet, Encryption Keys, reason: 5, current state: 1
2025-09-14 02:52:18.345: [INFO][SyncEngineBackend::DoStartConfiguration] Start configuration
2025-09-14 02:52:18.345: [INFO][SyncManagerImpl::NudgeForInitialDownload] Initial download nudge for Bookmarks
2025-09-14 02:52:18.345: [INFO][SyncManagerImpl::NudgeForInitialDownload] Initial download nudge for Preferences
2025-09-14 02:52:18.345: [INFO][SyncManagerImpl::NudgeForInitialDownload] Initial download nudge for Extensions
2025-09-14 02:52:18.345: [INFO][SyncManagerImpl::NudgeForInitialDownload] Initial download nudge for Sessions
2025-09-14 02:52:18.345: [INFO][SyncManagerImpl::NudgeForInitialDownload] Initial download nudge for Extension settings
2025-09-14 02:52:18.345: [INFO][SyncManagerImpl::NudgeForInitialDownload] Initial download nudge for History Delete Directives
2025-09-14 02:52:18.345: [INFO][SyncManagerImpl::NudgeForInitialDownload] Initial download nudge for Device Info
2025-09-14 02:52:18.345: [INFO][SyncManagerImpl::NudgeForInitialDownload] Initial download nudge for Send Tab To Self
2025-09-14 02:52:18.345: [INFO][SyncManagerImpl::NudgeForInitialDownload] Initial download nudge for Web Apps
2025-09-14 02:52:18.345: [INFO][SyncManagerImpl::NudgeForInitialDownload] Initial download nudge for History
2025-09-14 02:52:18.345: [INFO][SyncManagerImpl::NudgeForInitialDownload] Initial download nudge for Saved Tab Group
2025-09-14 02:52:18.345: [INFO][SyncManagerImpl::NudgeForInitialDownload] Initial download nudge for WebAuthn Credentials
2025-09-14 02:52:18.345: [INFO][SyncManagerImpl::NudgeForInitialDownload] Initial download nudge for Collection
2025-09-14 02:52:18.345: [INFO][SyncManagerImpl::NudgeForInitialDownload] Initial download nudge for Edge E Drop
2025-09-14 02:52:18.345: [INFO][SyncManagerImpl::NudgeForInitialDownload] Initial download nudge for Edge Hub App Usage
2025-09-14 02:52:18.346: [INFO][SyncManagerImpl::NudgeForInitialDownload] Initial download nudge for Edge Wallet
2025-09-14 02:52:18.346: [INFO][SyncManagerImpl::ConfigureSyncer] Types to download:  with reason: 3
2025-09-14 02:52:18.346: [INFO][SyncEngineBackend::DoFinishConfigureDataTypes] Failed to download types:  and succeeded types: 
2025-09-14 02:52:18.346: [INFO][Sync] ConfigurationDone, failed: , succeeded: , remaining count: 4
2025-09-14 02:52:18.346: [WARN][Sync]     Reconfigure requested while configuration ongoing.
2025-09-14 02:52:18.346: [INFO][Sync] Configuring for: Bookmarks, Preferences, Passwords, Autofill Profiles, Autofill, Extensions, Sessions, Extension settings, History Delete Directives, Device Info, User Consents, Send Tab To Self, Web Apps, History, Saved Tab Group, WebAuthn Credentials, Collection, Edge E Drop, Edge Hub App Usage, Edge Wallet, Encryption Keys, reason: 5, current state: 2
2025-09-14 02:52:18.346: [INFO][Sync] Configure, desired: Bookmarks, Preferences, Passwords, Autofill Profiles, Autofill, Extensions, Sessions, Extension settings, History Delete Directives, Device Info, User Consents, Send Tab To Self, Web Apps, History, Saved Tab Group, WebAuthn Credentials, Collection, Edge E Drop, Edge Hub App Usage, Edge Wallet, Encryption Keys; Allow fail: 
2025-09-14 02:52:18.346: [INFO][Sync] Loading: Passwords
2025-09-14 02:52:18.346: [INFO][Sync] Loading: Autofill Profiles
2025-09-14 02:52:18.346: [INFO][Sync] Loading: Autofill
2025-09-14 02:52:18.346: [INFO][Sync] All data types are ready for configure.
2025-09-14 02:52:18.346: [INFO][SyncManagerImpl::NudgeForInitialDownload] Initial download nudge for Passwords
2025-09-14 02:52:18.346: [INFO][SyncManagerImpl::NudgeForInitialDownload] Initial download nudge for Autofill Profiles
2025-09-14 02:52:18.346: [INFO][SyncManagerImpl::NudgeForInitialDownload] Initial download nudge for Autofill
2025-09-14 02:52:18.346: [INFO][SyncManagerImpl::ConfigureSyncer] Types to download:  with reason: 5
2025-09-14 02:52:18.346: [INFO][SyncEngineBackend::DoFinishConfigureDataTypes] Failed to download types:  and succeeded types: 
2025-09-14 02:52:18.346: [INFO][Sync] ConfigurationDone, failed: , succeeded: , remaining count: 4
2025-09-14 02:52:18.346: [INFO][Sync] Prepare to configure types: Preferences, Passwords, Device Info, Send Tab To Self, Edge E Drop, Encryption Keys
2025-09-14 02:52:18.346: [INFO][SyncManagerImpl::ConfigureSyncer] Types to download: Preferences, Passwords, Device Info, Send Tab To Self, Edge E Drop, Encryption Keys with reason: 5
2025-09-14 02:52:18.346: [INFO][SyncSchedulerImpl::DoConfigurationSyncCycleJob] Blocked types:  and types to download: Preferences, Passwords, Device Info, Send Tab To Self, Edge E Drop, Encryption Keys
2025-09-14 02:52:18.738: [INFO][SyncEngineBackend::DoFinishConfigureDataTypes] Failed to download types:  and succeeded types: Preferences, Passwords, Device Info, Send Tab To Self, Edge E Drop, Encryption Keys
2025-09-14 02:52:18.756: [INFO][Sync] ConfigurationDone, failed: , succeeded: Preferences, Passwords, Device Info, Send Tab To Self, Edge E Drop, Encryption Keys, remaining count: 3
2025-09-14 02:52:18.756: [INFO][Sync] Prepare to configure types: Bookmarks, Encryption Keys
2025-09-14 02:52:18.756: [INFO][SyncManagerImpl::ConfigureSyncer] Types to download: Bookmarks, Encryption Keys with reason: 5
2025-09-14 02:52:18.756: [INFO][SyncSchedulerImpl::DoConfigurationSyncCycleJob] Blocked types:  and types to download: Bookmarks, Encryption Keys
2025-09-14 02:52:18.943: [INFO][SyncEngineBackend::DoFinishConfigureDataTypes] Failed to download types:  and succeeded types: Bookmarks, Encryption Keys
2025-09-14 02:52:18.945: [INFO][Sync] ConfigurationDone, failed: , succeeded: Bookmarks, Encryption Keys, remaining count: 2
2025-09-14 02:52:18.945: [INFO][Sync] Prepare to configure types: Autofill Profiles, Autofill, Extensions, Sessions, Extension settings, History Delete Directives, Web Apps, Saved Tab Group, WebAuthn Credentials, Collection, Edge Hub App Usage, Edge Wallet, Encryption Keys
2025-09-14 02:52:18.945: [INFO][SyncManagerImpl::ConfigureSyncer] Types to download: Autofill Profiles, Autofill, Extensions, Sessions, Extension settings, History Delete Directives, Web Apps, Saved Tab Group, WebAuthn Credentials, Collection, Edge Hub App Usage, Edge Wallet, Encryption Keys with reason: 5
2025-09-14 02:52:18.945: [INFO][SyncSchedulerImpl::DoConfigurationSyncCycleJob] Blocked types:  and types to download: Autofill Profiles, Autofill, Extensions, Sessions, Extension settings, History Delete Directives, Web Apps, Saved Tab Group, WebAuthn Credentials, Collection, Edge Hub App Usage, Edge Wallet, Encryption Keys
2025-09-14 02:52:19.296: [INFO][SyncEngineBackend::DoFinishConfigureDataTypes] Failed to download types:  and succeeded types: Autofill Profiles, Autofill, Extensions, Sessions, Extension settings, History Delete Directives, Web Apps, Saved Tab Group, WebAuthn Credentials, Collection, Edge Hub App Usage, Edge Wallet, Encryption Keys
2025-09-14 02:52:19.300: [INFO][Sync] ConfigurationDone, failed: , succeeded: Autofill Profiles, Autofill, Extensions, Sessions, Extension settings, History Delete Directives, Web Apps, Saved Tab Group, WebAuthn Credentials, Collection, Edge Hub App Usage, Edge Wallet, Encryption Keys, remaining count: 1
2025-09-14 02:52:19.304: [INFO][Sync] Prepare to configure types: History, Encryption Keys
2025-09-14 02:52:19.304: [INFO][SyncManagerImpl::ConfigureSyncer] Types to download: History, Encryption Keys with reason: 5
2025-09-14 02:52:19.304: [INFO][SyncSchedulerImpl::DoConfigurationSyncCycleJob] Blocked types:  and types to download: History, Encryption Keys
2025-09-14 02:52:19.503: [INFO][SyncEngineBackend::DoFinishConfigureDataTypes] Failed to download types:  and succeeded types: History, Encryption Keys
2025-09-14 02:52:19.509: [INFO][Sync] ConfigurationDone, failed: , succeeded: History, Encryption Keys, remaining count: 0
2025-09-14 02:52:19.513: [INFO][Sync]     Configuration completed, state: 7
2025-09-14 02:52:19.515: [INFO][Sync] Configured DataTypeManager: Ok
2025-09-14 02:52:19.524: [INFO][SyncEngineBackend::DoStartSyncing] Start syncing
2025-09-14 02:53:59.463: [INFO][Sync] Reset engine, reason: 0
2025-09-14 02:53:59.463: [INFO][Sync] Reset engine with reason: 0
2025-09-14 16:23:47.862: [INFO][Sync] SyncState after authenticated was: FeatureCanStart
2025-09-14 16:23:48.183: [INFO][Sync] Try to start sync engine
2025-09-14 16:23:48.184: [INFO][SyncManagerImpl::NudgeForInitialDownload] Initial download nudge for Encryption Keys
2025-09-14 16:23:48.184: [INFO][SyncEngineBackend::LoadAndConnectNigoriController] Load and connect Nigori controller
2025-09-14 16:23:48.184: [INFO][SyncEngineBackend::DoInitialize] Control Types added: Encryption Keys
2025-09-14 16:23:48.184: [INFO][SyncManagerImpl::ConfigureSyncer] Types to download: Encryption Keys with reason: 3
2025-09-14 16:23:48.184: [INFO][SyncSchedulerImpl::DoConfigurationSyncCycleJob] Configure job was blocked
2025-09-14 16:23:48.222: [INFO][SyncAuthManager::SetLastAuthError] Current auth error: None
2025-09-14 16:23:48.222: [INFO][SyncAuthManager::EdgeLogTokenErrorState] Token error with: None for account type: MSA
2025-09-14 16:23:48.222: [INFO][Sync] Credentials changed for: EdgeSyncScopeNew
2025-09-14 16:23:48.731: [INFO][SyncAuthManager::SetLastAuthError] Current auth error: None
2025-09-14 16:23:48.731: [INFO][SyncAuthManager::EdgeLogTokenErrorState] Token error with: None for account type: MSA
2025-09-14 16:23:48.731: [INFO][Sync] Credentials changed for: EdgeSyncKeyDataScope
2025-09-14 16:23:48.731: [INFO][SyncEngineBackend::DoUpdateKeyDataCredentials] Update key data credentials
2025-09-14 16:23:48.731: [INFO][SyncEngineBackend::DoUpdateCredentials] Update credentials
2025-09-14 16:23:48.731: [INFO][SyncSchedulerImpl::DoConfigurationSyncCycleJob] Blocked types:  and types to download: Encryption Keys
2025-09-14 16:23:48.969: [INFO][Sync] Started DataTypeManager configuration, reason: 4
2025-09-14 16:23:48.969: [INFO][Sync] Configuring for: Bookmarks, Preferences, Passwords, Autofill Profiles, Autofill, Extensions, Sessions, Extension settings, History Delete Directives, Device Info, User Consents, Send Tab To Self, Web Apps, History, Saved Tab Group, WebAuthn Credentials, Collection, Edge E Drop, Edge Hub App Usage, Edge Wallet, Encryption Keys, reason: 4, current state: 0
2025-09-14 16:23:48.969: [WARN][Sync] Crypto error data types: Passwords, Autofill Profiles, Autofill
2025-09-14 16:23:48.970: [INFO][Sync] Configure, desired: Bookmarks, Preferences, Extensions, Sessions, Extension settings, History Delete Directives, Device Info, User Consents, Send Tab To Self, Web Apps, History, Saved Tab Group, WebAuthn Credentials, Collection, Edge E Drop, Edge Hub App Usage, Edge Wallet, Encryption Keys; Allow fail: Passwords, Autofill Profiles, Autofill
2025-09-14 16:23:48.970: [INFO][Sync] Loading: Bookmarks
2025-09-14 16:23:48.970: [INFO][Sync] Loading: Preferences
2025-09-14 16:23:48.970: [INFO][Sync] Loading: Extensions
2025-09-14 16:23:48.970: [INFO][Sync] Loading: Sessions
2025-09-14 16:23:48.970: [INFO][Sync] Loading: Extension settings
2025-09-14 16:23:48.970: [INFO][Sync] Loading: History Delete Directives
2025-09-14 16:23:48.970: [INFO][Sync] Loading: Device Info
2025-09-14 16:23:48.970: [INFO][Sync] Loading: User Consents
2025-09-14 16:23:48.970: [INFO][Sync] Loading: Send Tab To Self
2025-09-14 16:23:48.970: [INFO][Sync] Loading: Web Apps
2025-09-14 16:23:48.971: [INFO][Sync] Loading: History
2025-09-14 16:23:48.971: [INFO][Sync] Loading: Saved Tab Group
2025-09-14 16:23:48.971: [INFO][Sync] Loading: WebAuthn Credentials
2025-09-14 16:23:48.971: [INFO][Sync] Loading: Collection
2025-09-14 16:23:48.971: [INFO][Sync] Loading: Edge E Drop
2025-09-14 16:23:48.971: [INFO][Sync] Loading: Edge Hub App Usage
2025-09-14 16:23:48.971: [INFO][Sync] Loading: Edge Wallet
2025-09-14 16:23:48.977: [INFO][Sync] All data types are ready for configure.
2025-09-14 16:23:49.211: [INFO][Sync] Started DataTypeManager configuration, reason: 5
2025-09-14 16:23:49.211: [INFO][Sync] Configuring for: Bookmarks, Preferences, Passwords, Autofill Profiles, Autofill, Extensions, Sessions, Extension settings, History Delete Directives, Device Info, User Consents, Send Tab To Self, Web Apps, History, Saved Tab Group, WebAuthn Credentials, Collection, Edge E Drop, Edge Hub App Usage, Edge Wallet, Encryption Keys, reason: 5, current state: 1
2025-09-14 16:23:49.216: [INFO][SyncEngineBackend::DoStartConfiguration] Start configuration
2025-09-14 16:23:49.216: [INFO][SyncManagerImpl::ConfigureSyncer] Types to download:  with reason: 4
2025-09-14 16:23:49.216: [INFO][SyncEngineBackend::DoFinishConfigureDataTypes] Failed to download types:  and succeeded types: 
2025-09-14 16:23:49.220: [INFO][Sync] ConfigurationDone, failed: , succeeded: , remaining count: 4
2025-09-14 16:23:49.220: [WARN][Sync]     Reconfigure requested while configuration ongoing.
2025-09-14 16:23:49.220: [INFO][Sync] Configuring for: Bookmarks, Preferences, Passwords, Autofill Profiles, Autofill, Extensions, Sessions, Extension settings, History Delete Directives, Device Info, User Consents, Send Tab To Self, Web Apps, History, Saved Tab Group, WebAuthn Credentials, Collection, Edge E Drop, Edge Hub App Usage, Edge Wallet, Encryption Keys, reason: 5, current state: 2
2025-09-14 16:23:49.220: [INFO][Sync] Configure, desired: Bookmarks, Preferences, Passwords, Autofill Profiles, Autofill, Extensions, Sessions, Extension settings, History Delete Directives, Device Info, User Consents, Send Tab To Self, Web Apps, History, Saved Tab Group, WebAuthn Credentials, Collection, Edge E Drop, Edge Hub App Usage, Edge Wallet, Encryption Keys; Allow fail: 
2025-09-14 16:23:49.220: [INFO][Sync] Loading: Passwords
2025-09-14 16:23:49.220: [INFO][Sync] Loading: Autofill Profiles
2025-09-14 16:23:49.220: [INFO][Sync] Loading: Autofill
2025-09-14 16:23:49.220: [INFO][Sync] All data types are ready for configure.
2025-09-14 16:23:49.220: [INFO][SyncManagerImpl::NudgeForInitialDownload] Initial download nudge for Passwords
2025-09-14 16:23:49.220: [INFO][SyncManagerImpl::ConfigureSyncer] Types to download:  with reason: 5
2025-09-14 16:23:49.220: [INFO][SyncEngineBackend::DoFinishConfigureDataTypes] Failed to download types:  and succeeded types: 
2025-09-14 16:23:49.221: [INFO][Sync] ConfigurationDone, failed: , succeeded: , remaining count: 4
2025-09-14 16:23:49.221: [INFO][Sync] Prepare to configure types: Passwords, Encryption Keys
2025-09-14 16:23:49.221: [INFO][SyncManagerImpl::ConfigureSyncer] Types to download: Passwords, Encryption Keys with reason: 5
2025-09-14 16:23:49.221: [INFO][SyncSchedulerImpl::DoConfigurationSyncCycleJob] Blocked types:  and types to download: Passwords, Encryption Keys
2025-09-14 16:23:49.427: [INFO][SyncEngineBackend::DoFinishConfigureDataTypes] Failed to download types:  and succeeded types: Passwords, Encryption Keys
2025-09-14 16:23:49.430: [INFO][Sync] ConfigurationDone, failed: , succeeded: Passwords, Encryption Keys, remaining count: 3
2025-09-14 16:23:49.430: [INFO][SyncManagerImpl::ConfigureSyncer] Types to download:  with reason: 5
2025-09-14 16:23:49.430: [INFO][SyncEngineBackend::DoFinishConfigureDataTypes] Failed to download types:  and succeeded types: 
2025-09-14 16:23:49.430: [INFO][Sync] ConfigurationDone, failed: , succeeded: , remaining count: 2
2025-09-14 16:23:49.430: [INFO][SyncManagerImpl::ConfigureSyncer] Types to download:  with reason: 5
2025-09-14 16:23:49.430: [INFO][SyncEngineBackend::DoFinishConfigureDataTypes] Failed to download types:  and succeeded types: 
2025-09-14 16:23:49.436: [INFO][Sync] ConfigurationDone, failed: , succeeded: , remaining count: 1
2025-09-14 16:23:49.439: [INFO][SyncManagerImpl::ConfigureSyncer] Types to download:  with reason: 5
2025-09-14 16:23:49.439: [INFO][SyncEngineBackend::DoFinishConfigureDataTypes] Failed to download types:  and succeeded types: 
2025-09-14 16:23:49.439: [INFO][Sync] ConfigurationDone, failed: , succeeded: , remaining count: 0
2025-09-14 16:23:49.441: [INFO][Sync]     Configuration completed, state: 7
2025-09-14 16:23:49.442: [INFO][Sync] Configured DataTypeManager: Ok
2025-09-14 16:23:49.445: [INFO][SyncEngineBackend::DoStartSyncing] Start syncing
2025-09-14 16:24:30.486: [INFO][Sync] Reset engine, reason: 0
2025-09-14 16:24:30.486: [INFO][Sync] Reset engine with reason: 0
2025-09-14 16:39:38.440: [INFO][Sync] SyncState after authenticated was: FeatureCanStart
2025-09-14 16:39:38.746: [INFO][Sync] Try to start sync engine
2025-09-14 16:39:38.747: [INFO][SyncManagerImpl::NudgeForInitialDownload] Initial download nudge for Encryption Keys
2025-09-14 16:39:38.747: [INFO][SyncEngineBackend::LoadAndConnectNigoriController] Load and connect Nigori controller
2025-09-14 16:39:38.747: [INFO][SyncEngineBackend::DoInitialize] Control Types added: Encryption Keys
2025-09-14 16:39:38.747: [INFO][SyncManagerImpl::ConfigureSyncer] Types to download: Encryption Keys with reason: 3
2025-09-14 16:39:38.747: [INFO][SyncSchedulerImpl::DoConfigurationSyncCycleJob] Configure job was blocked
2025-09-14 16:39:38.780: [INFO][SyncAuthManager::SetLastAuthError] Current auth error: None
2025-09-14 16:39:38.780: [INFO][SyncAuthManager::EdgeLogTokenErrorState] Token error with: None for account type: MSA
2025-09-14 16:39:38.781: [INFO][Sync] Credentials changed for: EdgeSyncScopeNew
2025-09-14 16:39:39.551: [INFO][SyncAuthManager::SetLastAuthError] Current auth error: None
2025-09-14 16:39:39.551: [INFO][SyncAuthManager::EdgeLogTokenErrorState] Token error with: None for account type: MSA
2025-09-14 16:39:39.551: [INFO][Sync] Credentials changed for: EdgeSyncKeyDataScope
2025-09-14 16:39:39.551: [INFO][SyncEngineBackend::DoUpdateKeyDataCredentials] Update key data credentials
2025-09-14 16:39:39.551: [INFO][SyncEngineBackend::DoUpdateCredentials] Update credentials
2025-09-14 16:39:39.551: [INFO][SyncSchedulerImpl::DoConfigurationSyncCycleJob] Blocked types:  and types to download: Encryption Keys
2025-09-14 16:39:40.105: [INFO][Sync] Started DataTypeManager configuration, reason: 4
2025-09-14 16:39:40.105: [INFO][Sync] Configuring for: Bookmarks, Preferences, Passwords, Autofill Profiles, Autofill, Extensions, Sessions, Extension settings, History Delete Directives, Device Info, User Consents, Send Tab To Self, Web Apps, History, Saved Tab Group, WebAuthn Credentials, Collection, Edge E Drop, Edge Hub App Usage, Edge Wallet, Encryption Keys, reason: 4, current state: 0
2025-09-14 16:39:40.105: [WARN][Sync] Crypto error data types: Passwords, Autofill Profiles, Autofill
2025-09-14 16:39:40.108: [INFO][Sync] Configure, desired: Bookmarks, Preferences, Extensions, Sessions, Extension settings, History Delete Directives, Device Info, User Consents, Send Tab To Self, Web Apps, History, Saved Tab Group, WebAuthn Credentials, Collection, Edge E Drop, Edge Hub App Usage, Edge Wallet, Encryption Keys; Allow fail: Passwords, Autofill Profiles, Autofill
2025-09-14 16:39:40.108: [INFO][Sync] Loading: Bookmarks
2025-09-14 16:39:40.108: [INFO][Sync] Loading: Preferences
2025-09-14 16:39:40.108: [INFO][Sync] Loading: Extensions
2025-09-14 16:39:40.108: [INFO][Sync] Loading: Sessions
2025-09-14 16:39:40.108: [INFO][Sync] Loading: Extension settings
2025-09-14 16:39:40.108: [INFO][Sync] Loading: History Delete Directives
2025-09-14 16:39:40.108: [INFO][Sync] Loading: Device Info
2025-09-14 16:39:40.108: [INFO][Sync] Loading: User Consents
2025-09-14 16:39:40.108: [INFO][Sync] Loading: Send Tab To Self
2025-09-14 16:39:40.108: [INFO][Sync] Loading: Web Apps
2025-09-14 16:39:40.108: [INFO][Sync] Loading: History
2025-09-14 16:39:40.108: [INFO][Sync] Loading: Saved Tab Group
2025-09-14 16:39:40.108: [INFO][Sync] Loading: WebAuthn Credentials
2025-09-14 16:39:40.108: [INFO][Sync] Loading: Collection
2025-09-14 16:39:40.108: [INFO][Sync] Loading: Edge E Drop
2025-09-14 16:39:40.108: [INFO][Sync] Loading: Edge Hub App Usage
2025-09-14 16:39:40.108: [INFO][Sync] Loading: Edge Wallet
2025-09-14 16:39:40.114: [INFO][Sync] All data types are ready for configure.
2025-09-14 16:39:40.534: [INFO][SyncEngineBackend::DoStartConfiguration] Start configuration
2025-09-14 16:39:40.534: [INFO][SyncManagerImpl::ConfigureSyncer] Types to download:  with reason: 4
2025-09-14 16:39:40.534: [INFO][SyncEngineBackend::DoFinishConfigureDataTypes] Failed to download types:  and succeeded types: 
2025-09-14 16:39:40.538: [INFO][Sync] Started DataTypeManager configuration, reason: 5
2025-09-14 16:39:40.538: [INFO][Sync] Configuring for: Bookmarks, Preferences, Passwords, Autofill Profiles, Autofill, Extensions, Sessions, Extension settings, History Delete Directives, Device Info, User Consents, Send Tab To Self, Web Apps, History, Saved Tab Group, WebAuthn Credentials, Collection, Edge E Drop, Edge Hub App Usage, Edge Wallet, Encryption Keys, reason: 5, current state: 1
2025-09-14 16:39:40.540: [INFO][Sync] ConfigurationDone, failed: , succeeded: , remaining count: 4
2025-09-14 16:39:40.540: [WARN][Sync]     Reconfigure requested while configuration ongoing.
2025-09-14 16:39:40.540: [INFO][Sync] Configuring for: Bookmarks, Preferences, Passwords, Autofill Profiles, Autofill, Extensions, Sessions, Extension settings, History Delete Directives, Device Info, User Consents, Send Tab To Self, Web Apps, History, Saved Tab Group, WebAuthn Credentials, Collection, Edge E Drop, Edge Hub App Usage, Edge Wallet, Encryption Keys, reason: 5, current state: 2
2025-09-14 16:39:40.540: [INFO][Sync] Configure, desired: Bookmarks, Preferences, Passwords, Autofill Profiles, Autofill, Extensions, Sessions, Extension settings, History Delete Directives, Device Info, User Consents, Send Tab To Self, Web Apps, History, Saved Tab Group, WebAuthn Credentials, Collection, Edge E Drop, Edge Hub App Usage, Edge Wallet, Encryption Keys; Allow fail: 
2025-09-14 16:39:40.540: [INFO][Sync] Loading: Passwords
2025-09-14 16:39:40.540: [INFO][Sync] Loading: Autofill Profiles
2025-09-14 16:39:40.540: [INFO][Sync] Loading: Autofill
2025-09-14 16:39:40.540: [INFO][Sync] All data types are ready for configure.
2025-09-14 16:39:40.540: [INFO][SyncManagerImpl::NudgeForInitialDownload] Initial download nudge for Passwords
2025-09-14 16:39:40.540: [INFO][SyncManagerImpl::ConfigureSyncer] Types to download:  with reason: 5
2025-09-14 16:39:40.540: [INFO][SyncEngineBackend::DoFinishConfigureDataTypes] Failed to download types:  and succeeded types: 
2025-09-14 16:39:40.541: [INFO][Sync] ConfigurationDone, failed: , succeeded: , remaining count: 4
2025-09-14 16:39:40.541: [INFO][Sync] Prepare to configure types: Passwords, Encryption Keys
2025-09-14 16:39:40.541: [INFO][SyncManagerImpl::ConfigureSyncer] Types to download: Passwords, Encryption Keys with reason: 5
2025-09-14 16:39:40.541: [INFO][SyncSchedulerImpl::DoConfigurationSyncCycleJob] Blocked types:  and types to download: Passwords, Encryption Keys
2025-09-14 16:39:40.773: [INFO][SyncEngineBackend::DoFinishConfigureDataTypes] Failed to download types:  and succeeded types: Passwords, Encryption Keys
2025-09-14 16:39:40.775: [INFO][Sync] ConfigurationDone, failed: , succeeded: Passwords, Encryption Keys, remaining count: 3
2025-09-14 16:39:40.776: [INFO][SyncManagerImpl::ConfigureSyncer] Types to download:  with reason: 5
2025-09-14 16:39:40.776: [INFO][SyncEngineBackend::DoFinishConfigureDataTypes] Failed to download types:  and succeeded types: 
2025-09-14 16:39:40.776: [INFO][Sync] ConfigurationDone, failed: , succeeded: , remaining count: 2
2025-09-14 16:39:40.776: [INFO][SyncManagerImpl::ConfigureSyncer] Types to download:  with reason: 5
2025-09-14 16:39:40.776: [INFO][SyncEngineBackend::DoFinishConfigureDataTypes] Failed to download types:  and succeeded types: 
2025-09-14 16:39:40.782: [INFO][Sync] ConfigurationDone, failed: , succeeded: , remaining count: 1
2025-09-14 16:39:40.785: [INFO][SyncManagerImpl::ConfigureSyncer] Types to download:  with reason: 5
2025-09-14 16:39:40.785: [INFO][SyncEngineBackend::DoFinishConfigureDataTypes] Failed to download types:  and succeeded types: 
2025-09-14 16:39:40.785: [INFO][Sync] ConfigurationDone, failed: , succeeded: , remaining count: 0
2025-09-14 16:39:40.788: [INFO][Sync]     Configuration completed, state: 7
2025-09-14 16:39:40.788: [INFO][Sync] Configured DataTypeManager: Ok
2025-09-14 16:39:40.792: [INFO][SyncEngineBackend::DoStartSyncing] Start syncing
2025-09-14 16:43:20.172: [INFO][Sync] Reset engine, reason: 0
2025-09-14 16:43:20.172: [INFO][Sync] Reset engine with reason: 0
2025-09-14 16:43:55.894: [INFO][Sync] SyncState after authenticated was: FeatureCanStart
2025-09-14 16:43:56.193: [INFO][Sync] Try to start sync engine
2025-09-14 16:43:56.194: [INFO][SyncManagerImpl::NudgeForInitialDownload] Initial download nudge for Encryption Keys
2025-09-14 16:43:56.194: [INFO][SyncEngineBackend::LoadAndConnectNigoriController] Load and connect Nigori controller
2025-09-14 16:43:56.194: [INFO][SyncEngineBackend::DoInitialize] Control Types added: Encryption Keys
2025-09-14 16:43:56.194: [INFO][SyncManagerImpl::ConfigureSyncer] Types to download: Encryption Keys with reason: 3
2025-09-14 16:43:56.194: [INFO][SyncSchedulerImpl::DoConfigurationSyncCycleJob] Configure job was blocked
2025-09-14 16:43:56.225: [INFO][SyncAuthManager::SetLastAuthError] Current auth error: None
2025-09-14 16:43:56.225: [INFO][SyncAuthManager::EdgeLogTokenErrorState] Token error with: None for account type: MSA
2025-09-14 16:43:56.225: [INFO][Sync] Credentials changed for: EdgeSyncScopeNew
2025-09-14 16:43:56.963: [INFO][SyncAuthManager::SetLastAuthError] Current auth error: None
2025-09-14 16:43:56.963: [INFO][SyncAuthManager::EdgeLogTokenErrorState] Token error with: None for account type: MSA
2025-09-14 16:43:56.963: [INFO][Sync] Credentials changed for: EdgeSyncKeyDataScope
2025-09-14 16:43:56.963: [INFO][SyncEngineBackend::DoUpdateKeyDataCredentials] Update key data credentials
2025-09-14 16:43:56.963: [INFO][SyncEngineBackend::DoUpdateCredentials] Update credentials
2025-09-14 16:43:56.963: [INFO][SyncSchedulerImpl::DoConfigurationSyncCycleJob] Blocked types:  and types to download: Encryption Keys
2025-09-14 16:43:57.215: [INFO][Sync] Started DataTypeManager configuration, reason: 4
2025-09-14 16:43:57.215: [INFO][Sync] Configuring for: Bookmarks, Preferences, Passwords, Autofill Profiles, Autofill, Extensions, Sessions, Extension settings, History Delete Directives, Device Info, User Consents, Send Tab To Self, Web Apps, History, Saved Tab Group, WebAuthn Credentials, Collection, Edge E Drop, Edge Hub App Usage, Edge Wallet, Encryption Keys, reason: 4, current state: 0
2025-09-14 16:43:57.215: [WARN][Sync] Crypto error data types: Passwords, Autofill Profiles, Autofill
2025-09-14 16:43:57.217: [INFO][Sync] Configure, desired: Bookmarks, Preferences, Extensions, Sessions, Extension settings, History Delete Directives, Device Info, User Consents, Send Tab To Self, Web Apps, History, Saved Tab Group, WebAuthn Credentials, Collection, Edge E Drop, Edge Hub App Usage, Edge Wallet, Encryption Keys; Allow fail: Passwords, Autofill Profiles, Autofill
2025-09-14 16:43:57.217: [INFO][Sync] Loading: Bookmarks
2025-09-14 16:43:57.217: [INFO][Sync] Loading: Preferences
2025-09-14 16:43:57.217: [INFO][Sync] Loading: Extensions
2025-09-14 16:43:57.217: [INFO][Sync] Loading: Sessions
2025-09-14 16:43:57.217: [INFO][Sync] Loading: Extension settings
2025-09-14 16:43:57.217: [INFO][Sync] Loading: History Delete Directives
2025-09-14 16:43:57.217: [INFO][Sync] Loading: Device Info
2025-09-14 16:43:57.217: [INFO][Sync] Loading: User Consents
2025-09-14 16:43:57.217: [INFO][Sync] Loading: Send Tab To Self
2025-09-14 16:43:57.217: [INFO][Sync] Loading: Web Apps
2025-09-14 16:43:57.217: [INFO][Sync] Loading: History
2025-09-14 16:43:57.217: [INFO][Sync] Loading: Saved Tab Group
2025-09-14 16:43:57.217: [INFO][Sync] Loading: WebAuthn Credentials
2025-09-14 16:43:57.217: [INFO][Sync] Loading: Collection
2025-09-14 16:43:57.217: [INFO][Sync] Loading: Edge E Drop
2025-09-14 16:43:57.217: [INFO][Sync] Loading: Edge Hub App Usage
2025-09-14 16:43:57.217: [INFO][Sync] Loading: Edge Wallet
2025-09-14 16:43:57.224: [INFO][Sync] All data types are ready for configure.
2025-09-14 16:43:57.467: [INFO][Sync] Started DataTypeManager configuration, reason: 5
2025-09-14 16:43:57.467: [INFO][Sync] Configuring for: Bookmarks, Preferences, Passwords, Autofill Profiles, Autofill, Extensions, Sessions, Extension settings, History Delete Directives, Device Info, User Consents, Send Tab To Self, Web Apps, History, Saved Tab Group, WebAuthn Credentials, Collection, Edge E Drop, Edge Hub App Usage, Edge Wallet, Encryption Keys, reason: 5, current state: 1
2025-09-14 16:43:57.470: [INFO][SyncEngineBackend::DoStartConfiguration] Start configuration
2025-09-14 16:43:57.470: [INFO][SyncManagerImpl::ConfigureSyncer] Types to download:  with reason: 4
2025-09-14 16:43:57.470: [INFO][SyncEngineBackend::DoFinishConfigureDataTypes] Failed to download types:  and succeeded types: 
2025-09-14 16:43:57.471: [INFO][Sync] ConfigurationDone, failed: , succeeded: , remaining count: 4
2025-09-14 16:43:57.471: [WARN][Sync]     Reconfigure requested while configuration ongoing.
2025-09-14 16:43:57.471: [INFO][Sync] Configuring for: Bookmarks, Preferences, Passwords, Autofill Profiles, Autofill, Extensions, Sessions, Extension settings, History Delete Directives, Device Info, User Consents, Send Tab To Self, Web Apps, History, Saved Tab Group, WebAuthn Credentials, Collection, Edge E Drop, Edge Hub App Usage, Edge Wallet, Encryption Keys, reason: 5, current state: 2
2025-09-14 16:43:57.471: [INFO][Sync] Configure, desired: Bookmarks, Preferences, Passwords, Autofill Profiles, Autofill, Extensions, Sessions, Extension settings, History Delete Directives, Device Info, User Consents, Send Tab To Self, Web Apps, History, Saved Tab Group, WebAuthn Credentials, Collection, Edge E Drop, Edge Hub App Usage, Edge Wallet, Encryption Keys; Allow fail: 
2025-09-14 16:43:57.471: [INFO][Sync] Loading: Passwords
2025-09-14 16:43:57.471: [INFO][Sync] Loading: Autofill Profiles
2025-09-14 16:43:57.471: [INFO][Sync] Loading: Autofill
2025-09-14 16:43:57.474: [INFO][Sync] All data types are ready for configure.
2025-09-14 16:43:57.474: [INFO][SyncManagerImpl::NudgeForInitialDownload] Initial download nudge for Passwords
2025-09-14 16:43:57.474: [INFO][SyncManagerImpl::ConfigureSyncer] Types to download:  with reason: 5
2025-09-14 16:43:57.474: [INFO][SyncEngineBackend::DoFinishConfigureDataTypes] Failed to download types:  and succeeded types: 
2025-09-14 16:43:57.475: [INFO][Sync] ConfigurationDone, failed: , succeeded: , remaining count: 4
2025-09-14 16:43:57.475: [INFO][Sync] Prepare to configure types: Passwords, Encryption Keys
2025-09-14 16:43:57.475: [INFO][SyncManagerImpl::ConfigureSyncer] Types to download: Passwords, Encryption Keys with reason: 5
2025-09-14 16:43:57.475: [INFO][SyncSchedulerImpl::DoConfigurationSyncCycleJob] Blocked types:  and types to download: Passwords, Encryption Keys
2025-09-14 16:43:57.672: [INFO][SyncEngineBackend::DoFinishConfigureDataTypes] Failed to download types:  and succeeded types: Passwords, Encryption Keys
2025-09-14 16:43:57.675: [INFO][Sync] ConfigurationDone, failed: , succeeded: Passwords, Encryption Keys, remaining count: 3
2025-09-14 16:43:57.675: [INFO][SyncManagerImpl::ConfigureSyncer] Types to download:  with reason: 5
2025-09-14 16:43:57.675: [INFO][SyncEngineBackend::DoFinishConfigureDataTypes] Failed to download types:  and succeeded types: 
2025-09-14 16:43:57.675: [INFO][Sync] ConfigurationDone, failed: , succeeded: , remaining count: 2
2025-09-14 16:43:57.675: [INFO][SyncManagerImpl::ConfigureSyncer] Types to download:  with reason: 5
2025-09-14 16:43:57.675: [INFO][SyncEngineBackend::DoFinishConfigureDataTypes] Failed to download types:  and succeeded types: 
2025-09-14 16:43:57.681: [INFO][Sync] ConfigurationDone, failed: , succeeded: , remaining count: 1
2025-09-14 16:43:57.683: [INFO][SyncManagerImpl::ConfigureSyncer] Types to download:  with reason: 5
2025-09-14 16:43:57.683: [INFO][SyncEngineBackend::DoFinishConfigureDataTypes] Failed to download types:  and succeeded types: 
2025-09-14 16:43:57.684: [INFO][Sync] ConfigurationDone, failed: , succeeded: , remaining count: 0
2025-09-14 16:43:57.687: [INFO][Sync]     Configuration completed, state: 7
2025-09-14 16:43:57.687: [INFO][Sync] Configured DataTypeManager: Ok
2025-09-14 16:43:57.690: [INFO][SyncEngineBackend::DoStartSyncing] Start syncing
2025-09-14 16:51:17.185: [INFO][Sync] Reset engine, reason: 0
2025-09-14 16:51:17.186: [INFO][Sync] Reset engine with reason: 0
2025-09-14 16:56:28.056: [INFO][Sync] SyncState after authenticated was: FeatureCanStart
2025-09-14 16:56:28.383: [INFO][Sync] Try to start sync engine
2025-09-14 16:56:28.384: [INFO][SyncManagerImpl::NudgeForInitialDownload] Initial download nudge for Encryption Keys
2025-09-14 16:56:28.384: [INFO][SyncEngineBackend::LoadAndConnectNigoriController] Load and connect Nigori controller
2025-09-14 16:56:28.384: [INFO][SyncEngineBackend::DoInitialize] Control Types added: Encryption Keys
2025-09-14 16:56:28.384: [INFO][SyncManagerImpl::ConfigureSyncer] Types to download: Encryption Keys with reason: 3
2025-09-14 16:56:28.384: [INFO][SyncSchedulerImpl::DoConfigurationSyncCycleJob] Configure job was blocked
2025-09-14 16:56:28.424: [INFO][SyncAuthManager::SetLastAuthError] Current auth error: None
2025-09-14 16:56:28.424: [INFO][SyncAuthManager::EdgeLogTokenErrorState] Token error with: None for account type: MSA
2025-09-14 16:56:28.424: [INFO][Sync] Credentials changed for: EdgeSyncScopeNew
2025-09-14 16:56:28.882: [INFO][SyncAuthManager::SetLastAuthError] Current auth error: None
2025-09-14 16:56:28.882: [INFO][SyncAuthManager::EdgeLogTokenErrorState] Token error with: None for account type: MSA
2025-09-14 16:56:28.883: [INFO][Sync] Credentials changed for: EdgeSyncKeyDataScope
2025-09-14 16:56:28.883: [INFO][SyncEngineBackend::DoUpdateKeyDataCredentials] Update key data credentials
2025-09-14 16:56:28.883: [INFO][SyncEngineBackend::DoUpdateCredentials] Update credentials
2025-09-14 16:56:28.883: [INFO][SyncSchedulerImpl::DoConfigurationSyncCycleJob] Blocked types:  and types to download: Encryption Keys
2025-09-14 16:56:29.129: [INFO][Sync] Started DataTypeManager configuration, reason: 4
2025-09-14 16:56:29.129: [INFO][Sync] Configuring for: Bookmarks, Preferences, Passwords, Autofill Profiles, Autofill, Extensions, Sessions, Extension settings, History Delete Directives, Device Info, User Consents, Send Tab To Self, Web Apps, History, Saved Tab Group, WebAuthn Credentials, Collection, Edge E Drop, Edge Hub App Usage, Edge Wallet, Encryption Keys, reason: 4, current state: 0
2025-09-14 16:56:29.129: [WARN][Sync] Crypto error data types: Passwords, Autofill Profiles, Autofill
2025-09-14 16:56:29.131: [INFO][Sync] Configure, desired: Bookmarks, Preferences, Extensions, Sessions, Extension settings, History Delete Directives, Device Info, User Consents, Send Tab To Self, Web Apps, History, Saved Tab Group, WebAuthn Credentials, Collection, Edge E Drop, Edge Hub App Usage, Edge Wallet, Encryption Keys; Allow fail: Passwords, Autofill Profiles, Autofill
2025-09-14 16:56:29.131: [INFO][Sync] Loading: Bookmarks
2025-09-14 16:56:29.131: [INFO][Sync] Loading: Preferences
2025-09-14 16:56:29.131: [INFO][Sync] Loading: Extensions
2025-09-14 16:56:29.131: [INFO][Sync] Loading: Sessions
2025-09-14 16:56:29.131: [INFO][Sync] Loading: Extension settings
2025-09-14 16:56:29.131: [INFO][Sync] Loading: History Delete Directives
2025-09-14 16:56:29.131: [INFO][Sync] Loading: Device Info
2025-09-14 16:56:29.131: [INFO][Sync] Loading: User Consents
2025-09-14 16:56:29.131: [INFO][Sync] Loading: Send Tab To Self
2025-09-14 16:56:29.131: [INFO][Sync] Loading: Web Apps
2025-09-14 16:56:29.131: [INFO][Sync] Loading: History
2025-09-14 16:56:29.131: [INFO][Sync] Loading: Saved Tab Group
2025-09-14 16:56:29.131: [INFO][Sync] Loading: WebAuthn Credentials
2025-09-14 16:56:29.131: [INFO][Sync] Loading: Collection
2025-09-14 16:56:29.131: [INFO][Sync] Loading: Edge E Drop
2025-09-14 16:56:29.131: [INFO][Sync] Loading: Edge Hub App Usage
2025-09-14 16:56:29.131: [INFO][Sync] Loading: Edge Wallet
2025-09-14 16:56:29.137: [INFO][Sync] All data types are ready for configure.
2025-09-14 16:56:29.414: [INFO][Sync] Started DataTypeManager configuration, reason: 5
2025-09-14 16:56:29.414: [INFO][Sync] Configuring for: Bookmarks, Preferences, Passwords, Autofill Profiles, Autofill, Extensions, Sessions, Extension settings, History Delete Directives, Device Info, User Consents, Send Tab To Self, Web Apps, History, Saved Tab Group, WebAuthn Credentials, Collection, Edge E Drop, Edge Hub App Usage, Edge Wallet, Encryption Keys, reason: 5, current state: 1
2025-09-14 16:56:29.417: [INFO][SyncEngineBackend::DoStartConfiguration] Start configuration
2025-09-14 16:56:29.418: [INFO][SyncManagerImpl::ConfigureSyncer] Types to download:  with reason: 4
2025-09-14 16:56:29.418: [INFO][SyncEngineBackend::DoFinishConfigureDataTypes] Failed to download types:  and succeeded types: 
2025-09-14 16:56:29.418: [INFO][Sync] ConfigurationDone, failed: , succeeded: , remaining count: 4
2025-09-14 16:56:29.418: [WARN][Sync]     Reconfigure requested while configuration ongoing.
2025-09-14 16:56:29.418: [INFO][Sync] Configuring for: Bookmarks, Preferences, Passwords, Autofill Profiles, Autofill, Extensions, Sessions, Extension settings, History Delete Directives, Device Info, User Consents, Send Tab To Self, Web Apps, History, Saved Tab Group, WebAuthn Credentials, Collection, Edge E Drop, Edge Hub App Usage, Edge Wallet, Encryption Keys, reason: 5, current state: 2
2025-09-14 16:56:29.418: [INFO][Sync] Configure, desired: Bookmarks, Preferences, Passwords, Autofill Profiles, Autofill, Extensions, Sessions, Extension settings, History Delete Directives, Device Info, User Consents, Send Tab To Self, Web Apps, History, Saved Tab Group, WebAuthn Credentials, Collection, Edge E Drop, Edge Hub App Usage, Edge Wallet, Encryption Keys; Allow fail: 
2025-09-14 16:56:29.418: [INFO][Sync] Loading: Passwords
2025-09-14 16:56:29.418: [INFO][Sync] Loading: Autofill Profiles
2025-09-14 16:56:29.418: [INFO][Sync] Loading: Autofill
2025-09-14 16:56:29.427: [INFO][Sync] All data types are ready for configure.
2025-09-14 16:56:29.428: [INFO][SyncManagerImpl::NudgeForInitialDownload] Initial download nudge for Passwords
2025-09-14 16:56:29.428: [INFO][SyncManagerImpl::ConfigureSyncer] Types to download:  with reason: 5
2025-09-14 16:56:29.428: [INFO][SyncEngineBackend::DoFinishConfigureDataTypes] Failed to download types:  and succeeded types: 
2025-09-14 16:56:29.428: [INFO][Sync] ConfigurationDone, failed: , succeeded: , remaining count: 4
2025-09-14 16:56:29.428: [INFO][Sync] Prepare to configure types: Passwords, Encryption Keys
2025-09-14 16:56:29.428: [INFO][SyncManagerImpl::ConfigureSyncer] Types to download: Passwords, Encryption Keys with reason: 5
2025-09-14 16:56:29.428: [INFO][SyncSchedulerImpl::DoConfigurationSyncCycleJob] Blocked types:  and types to download: Passwords, Encryption Keys
2025-09-14 16:56:29.618: [INFO][SyncEngineBackend::DoFinishConfigureDataTypes] Failed to download types:  and succeeded types: Passwords, Encryption Keys
2025-09-14 16:56:29.621: [INFO][Sync] ConfigurationDone, failed: , succeeded: Passwords, Encryption Keys, remaining count: 3
2025-09-14 16:56:29.621: [INFO][SyncManagerImpl::ConfigureSyncer] Types to download:  with reason: 5
2025-09-14 16:56:29.621: [INFO][SyncEngineBackend::DoFinishConfigureDataTypes] Failed to download types:  and succeeded types: 
2025-09-14 16:56:29.621: [INFO][Sync] ConfigurationDone, failed: , succeeded: , remaining count: 2
2025-09-14 16:56:29.621: [INFO][SyncManagerImpl::ConfigureSyncer] Types to download:  with reason: 5
2025-09-14 16:56:29.621: [INFO][SyncEngineBackend::DoFinishConfigureDataTypes] Failed to download types:  and succeeded types: 
2025-09-14 16:56:29.627: [INFO][Sync] ConfigurationDone, failed: , succeeded: , remaining count: 1
2025-09-14 16:56:29.630: [INFO][SyncManagerImpl::ConfigureSyncer] Types to download:  with reason: 5
2025-09-14 16:56:29.630: [INFO][SyncEngineBackend::DoFinishConfigureDataTypes] Failed to download types:  and succeeded types: 
2025-09-14 16:56:29.630: [INFO][Sync] ConfigurationDone, failed: , succeeded: , remaining count: 0
2025-09-14 16:56:29.634: [INFO][Sync]     Configuration completed, state: 7
2025-09-14 16:56:29.634: [INFO][Sync] Configured DataTypeManager: Ok
2025-09-14 16:56:29.636: [INFO][SyncEngineBackend::DoStartSyncing] Start syncing
2025-09-14 16:57:17.272: [INFO][Sync] Reset engine, reason: 0
2025-09-14 16:57:17.272: [INFO][Sync] Reset engine with reason: 0
2025-09-14 17:17:04.861: [INFO][Sync] SyncState after authenticated was: FeatureCanStart
2025-09-14 17:17:05.303: [INFO][Sync] Try to start sync engine
2025-09-14 17:17:05.304: [INFO][SyncManagerImpl::NudgeForInitialDownload] Initial download nudge for Encryption Keys
2025-09-14 17:17:05.304: [INFO][SyncEngineBackend::LoadAndConnectNigoriController] Load and connect Nigori controller
2025-09-14 17:17:05.304: [INFO][SyncEngineBackend::DoInitialize] Control Types added: Encryption Keys
2025-09-14 17:17:05.304: [INFO][SyncManagerImpl::ConfigureSyncer] Types to download: Encryption Keys with reason: 3
2025-09-14 17:17:05.304: [INFO][SyncSchedulerImpl::DoConfigurationSyncCycleJob] Configure job was blocked
2025-09-14 17:17:05.369: [INFO][SyncAuthManager::SetLastAuthError] Current auth error: None
2025-09-14 17:17:05.369: [INFO][SyncAuthManager::EdgeLogTokenErrorState] Token error with: None for account type: MSA
2025-09-14 17:17:05.369: [INFO][Sync] Credentials changed for: EdgeSyncScopeNew
2025-09-14 17:17:05.825: [INFO][SyncAuthManager::SetLastAuthError] Current auth error: None
2025-09-14 17:17:05.825: [INFO][SyncAuthManager::EdgeLogTokenErrorState] Token error with: None for account type: MSA
2025-09-14 17:17:05.825: [INFO][Sync] Credentials changed for: EdgeSyncKeyDataScope
2025-09-14 17:17:05.825: [INFO][SyncEngineBackend::DoUpdateKeyDataCredentials] Update key data credentials
2025-09-14 17:17:05.825: [INFO][SyncEngineBackend::DoUpdateCredentials] Update credentials
2025-09-14 17:17:05.825: [INFO][SyncSchedulerImpl::DoConfigurationSyncCycleJob] Blocked types:  and types to download: Encryption Keys
2025-09-14 17:17:06.038: [INFO][Sync] Started DataTypeManager configuration, reason: 4
2025-09-14 17:17:06.038: [INFO][Sync] Configuring for: Bookmarks, Preferences, Passwords, Autofill Profiles, Autofill, Extensions, Sessions, Extension settings, History Delete Directives, Device Info, User Consents, Send Tab To Self, Web Apps, History, Saved Tab Group, WebAuthn Credentials, Collection, Edge E Drop, Edge Hub App Usage, Edge Wallet, Encryption Keys, reason: 4, current state: 0
2025-09-14 17:17:06.038: [WARN][Sync] Crypto error data types: Passwords, Autofill Profiles, Autofill
2025-09-14 17:17:06.042: [INFO][Sync] Configure, desired: Bookmarks, Preferences, Extensions, Sessions, Extension settings, History Delete Directives, Device Info, User Consents, Send Tab To Self, Web Apps, History, Saved Tab Group, WebAuthn Credentials, Collection, Edge E Drop, Edge Hub App Usage, Edge Wallet, Encryption Keys; Allow fail: Passwords, Autofill Profiles, Autofill
2025-09-14 17:17:06.042: [INFO][Sync] Loading: Bookmarks
2025-09-14 17:17:06.042: [INFO][Sync] Loading: Preferences
2025-09-14 17:17:06.042: [INFO][Sync] Loading: Extensions
2025-09-14 17:17:06.042: [INFO][Sync] Loading: Sessions
2025-09-14 17:17:06.042: [INFO][Sync] Loading: Extension settings
2025-09-14 17:17:06.042: [INFO][Sync] Loading: History Delete Directives
2025-09-14 17:17:06.043: [INFO][Sync] Loading: Device Info
2025-09-14 17:17:06.043: [INFO][Sync] Loading: User Consents
2025-09-14 17:17:06.043: [INFO][Sync] Loading: Send Tab To Self
2025-09-14 17:17:06.043: [INFO][Sync] Loading: Web Apps
2025-09-14 17:17:06.043: [INFO][Sync] Loading: History
2025-09-14 17:17:06.043: [INFO][Sync] Loading: Saved Tab Group
2025-09-14 17:17:06.043: [INFO][Sync] Loading: WebAuthn Credentials
2025-09-14 17:17:06.043: [INFO][Sync] Loading: Collection
2025-09-14 17:17:06.043: [INFO][Sync] Loading: Edge E Drop
2025-09-14 17:17:06.043: [INFO][Sync] Loading: Edge Hub App Usage
2025-09-14 17:17:06.043: [INFO][Sync] Loading: Edge Wallet
2025-09-14 17:17:06.049: [INFO][Sync] All data types are ready for configure.
2025-09-14 17:17:06.303: [INFO][Sync] Started DataTypeManager configuration, reason: 5
2025-09-14 17:17:06.303: [INFO][Sync] Configuring for: Bookmarks, Preferences, Passwords, Autofill Profiles, Autofill, Extensions, Sessions, Extension settings, History Delete Directives, Device Info, User Consents, Send Tab To Self, Web Apps, History, Saved Tab Group, WebAuthn Credentials, Collection, Edge E Drop, Edge Hub App Usage, Edge Wallet, Encryption Keys, reason: 5, current state: 1
2025-09-14 17:17:06.305: [INFO][SyncEngineBackend::DoStartConfiguration] Start configuration
2025-09-14 17:17:06.306: [INFO][SyncManagerImpl::ConfigureSyncer] Types to download:  with reason: 4
2025-09-14 17:17:06.306: [INFO][SyncEngineBackend::DoFinishConfigureDataTypes] Failed to download types:  and succeeded types: 
2025-09-14 17:17:06.306: [INFO][Sync] ConfigurationDone, failed: , succeeded: , remaining count: 4
2025-09-14 17:17:06.306: [WARN][Sync]     Reconfigure requested while configuration ongoing.
2025-09-14 17:17:06.306: [INFO][Sync] Configuring for: Bookmarks, Preferences, Passwords, Autofill Profiles, Autofill, Extensions, Sessions, Extension settings, History Delete Directives, Device Info, User Consents, Send Tab To Self, Web Apps, History, Saved Tab Group, WebAuthn Credentials, Collection, Edge E Drop, Edge Hub App Usage, Edge Wallet, Encryption Keys, reason: 5, current state: 2
2025-09-14 17:17:06.306: [INFO][Sync] Configure, desired: Bookmarks, Preferences, Passwords, Autofill Profiles, Autofill, Extensions, Sessions, Extension settings, History Delete Directives, Device Info, User Consents, Send Tab To Self, Web Apps, History, Saved Tab Group, WebAuthn Credentials, Collection, Edge E Drop, Edge Hub App Usage, Edge Wallet, Encryption Keys; Allow fail: 
2025-09-14 17:17:06.306: [INFO][Sync] Loading: Passwords
2025-09-14 17:17:06.306: [INFO][Sync] Loading: Autofill Profiles
2025-09-14 17:17:06.306: [INFO][Sync] Loading: Autofill
2025-09-14 17:17:06.307: [INFO][Sync] All data types are ready for configure.
2025-09-14 17:17:06.307: [INFO][SyncManagerImpl::NudgeForInitialDownload] Initial download nudge for Passwords
2025-09-14 17:17:06.307: [INFO][SyncManagerImpl::ConfigureSyncer] Types to download:  with reason: 5
2025-09-14 17:17:06.307: [INFO][SyncEngineBackend::DoFinishConfigureDataTypes] Failed to download types:  and succeeded types: 
2025-09-14 17:17:06.307: [INFO][Sync] ConfigurationDone, failed: , succeeded: , remaining count: 4
2025-09-14 17:17:06.307: [INFO][Sync] Prepare to configure types: Passwords, Encryption Keys
2025-09-14 17:17:06.307: [INFO][SyncManagerImpl::ConfigureSyncer] Types to download: Passwords, Encryption Keys with reason: 5
2025-09-14 17:17:06.307: [INFO][SyncSchedulerImpl::DoConfigurationSyncCycleJob] Blocked types:  and types to download: Passwords, Encryption Keys
2025-09-14 17:17:06.496: [INFO][SyncEngineBackend::DoFinishConfigureDataTypes] Failed to download types:  and succeeded types: Passwords, Encryption Keys
2025-09-14 17:17:06.498: [INFO][Sync] ConfigurationDone, failed: , succeeded: Passwords, Encryption Keys, remaining count: 3
2025-09-14 17:17:06.498: [INFO][SyncManagerImpl::ConfigureSyncer] Types to download:  with reason: 5
2025-09-14 17:17:06.498: [INFO][SyncEngineBackend::DoFinishConfigureDataTypes] Failed to download types:  and succeeded types: 
2025-09-14 17:17:06.498: [INFO][Sync] ConfigurationDone, failed: , succeeded: , remaining count: 2
2025-09-14 17:17:06.498: [INFO][SyncManagerImpl::ConfigureSyncer] Types to download:  with reason: 5
2025-09-14 17:17:06.498: [INFO][SyncEngineBackend::DoFinishConfigureDataTypes] Failed to download types:  and succeeded types: 
2025-09-14 17:17:06.502: [INFO][Sync] ConfigurationDone, failed: , succeeded: , remaining count: 1
2025-09-14 17:17:06.504: [INFO][SyncManagerImpl::ConfigureSyncer] Types to download:  with reason: 5
2025-09-14 17:17:06.504: [INFO][SyncEngineBackend::DoFinishConfigureDataTypes] Failed to download types:  and succeeded types: 
2025-09-14 17:17:06.504: [INFO][Sync] ConfigurationDone, failed: , succeeded: , remaining count: 0
2025-09-14 17:17:06.509: [INFO][Sync]     Configuration completed, state: 7
2025-09-14 17:17:06.509: [INFO][Sync] Configured DataTypeManager: Ok
2025-09-14 17:17:06.514: [INFO][SyncEngineBackend::DoStartSyncing] Start syncing
2025-09-14 17:17:25.443: [INFO][Sync] Reset engine, reason: 0
2025-09-14 17:17:25.443: [INFO][Sync] Reset engine with reason: 0
2025-09-14 17:27:17.727: [INFO][Sync] SyncState after authenticated was: FeatureCanStart
2025-09-14 17:27:18.056: [INFO][Sync] Try to start sync engine
2025-09-14 17:27:18.059: [INFO][SyncManagerImpl::NudgeForInitialDownload] Initial download nudge for Encryption Keys
2025-09-14 17:27:18.059: [INFO][SyncEngineBackend::LoadAndConnectNigoriController] Load and connect Nigori controller
2025-09-14 17:27:18.059: [INFO][SyncEngineBackend::DoInitialize] Control Types added: Encryption Keys
2025-09-14 17:27:18.059: [INFO][SyncManagerImpl::ConfigureSyncer] Types to download: Encryption Keys with reason: 3
2025-09-14 17:27:18.060: [INFO][SyncSchedulerImpl::DoConfigurationSyncCycleJob] Configure job was blocked
2025-09-14 17:27:18.099: [INFO][SyncAuthManager::SetLastAuthError] Current auth error: None
2025-09-14 17:27:18.099: [INFO][SyncAuthManager::EdgeLogTokenErrorState] Token error with: None for account type: MSA
2025-09-14 17:27:18.099: [INFO][Sync] Credentials changed for: EdgeSyncScopeNew
2025-09-14 17:27:18.550: [INFO][SyncAuthManager::SetLastAuthError] Current auth error: None
2025-09-14 17:27:18.550: [INFO][SyncAuthManager::EdgeLogTokenErrorState] Token error with: None for account type: MSA
2025-09-14 17:27:18.550: [INFO][Sync] Credentials changed for: EdgeSyncKeyDataScope
2025-09-14 17:27:18.550: [INFO][SyncEngineBackend::DoUpdateKeyDataCredentials] Update key data credentials
2025-09-14 17:27:18.551: [INFO][SyncEngineBackend::DoUpdateCredentials] Update credentials
2025-09-14 17:27:18.551: [INFO][SyncSchedulerImpl::DoConfigurationSyncCycleJob] Blocked types:  and types to download: Encryption Keys
2025-09-14 17:27:18.688: [INFO][SyncSchedulerImpl::OnSyncNetworkError] Syncer error: HTTP error (401)
2025-09-14 17:27:18.688: [INFO][Sync] Connection status changed to: 2
2025-09-14 17:27:18.689: [INFO][SyncSchedulerImpl::DoConfigurationSyncCycleJob] Syncer error: HTTP error (401)
2025-09-14 17:27:18.694: [WARN][Sync] NetworkError: HTTP error (401)
2025-09-14 17:27:19.181: [INFO][SyncAuthManager::SetLastAuthError] Current auth error: None
2025-09-14 17:27:19.181: [INFO][SyncAuthManager::EdgeLogTokenErrorState] Token error with: None for account type: MSA
2025-09-14 17:27:19.181: [INFO][Sync] Credentials changed for: EdgeSyncKeyDataScope
2025-09-14 17:27:19.181: [INFO][SyncEngineBackend::DoUpdateKeyDataCredentials] Update key data credentials
2025-09-14 17:27:19.370: [INFO][SyncAuthManager::SetLastAuthError] Current auth error: None
2025-09-14 17:27:19.370: [INFO][SyncAuthManager::EdgeLogTokenErrorState] Token error with: None for account type: MSA
2025-09-14 17:27:19.370: [INFO][Sync] Credentials changed for: EdgeSyncScopeNew
2025-09-14 17:27:19.370: [INFO][SyncEngineBackend::DoUpdateCredentials] Update credentials
2025-09-14 17:27:19.370: [INFO][SyncSchedulerImpl::DoConfigurationSyncCycleJob] Blocked types:  and types to download: Encryption Keys
2025-09-14 17:27:20.136: [INFO][SyncEngineBackend::DoUpdateKeyDataCredentials] Update key data credentials
2025-09-14 17:27:20.142: [INFO][Sync] Started DataTypeManager configuration, reason: 4
2025-09-14 17:27:20.142: [INFO][Sync] Configuring for: Bookmarks, Preferences, Passwords, Autofill Profiles, Autofill, Extensions, Sessions, Extension settings, History Delete Directives, Device Info, User Consents, Send Tab To Self, Web Apps, History, Saved Tab Group, WebAuthn Credentials, Collection, Edge E Drop, Edge Hub App Usage, Edge Wallet, Encryption Keys, reason: 4, current state: 0
2025-09-14 17:27:20.142: [INFO][SyncEngineBackend::DoStartConfiguration] Start configuration
2025-09-14 17:27:20.147: [INFO][Sync] Configure, desired: Bookmarks, Preferences, Passwords, Autofill Profiles, Autofill, Extensions, Sessions, Extension settings, History Delete Directives, Device Info, User Consents, Send Tab To Self, Web Apps, History, Saved Tab Group, WebAuthn Credentials, Collection, Edge E Drop, Edge Hub App Usage, Edge Wallet, Encryption Keys; Allow fail: 
2025-09-14 17:27:20.147: [INFO][Sync] Loading: Bookmarks
2025-09-14 17:27:20.147: [INFO][Sync] Loading: Preferences
2025-09-14 17:27:20.147: [INFO][Sync] Loading: Passwords
2025-09-14 17:27:20.147: [INFO][Sync] Loading: Autofill Profiles
2025-09-14 17:27:20.147: [INFO][Sync] Loading: Autofill
2025-09-14 17:27:20.147: [INFO][Sync] Loading: Extensions
2025-09-14 17:27:20.148: [INFO][Sync] Loading: Sessions
2025-09-14 17:27:20.148: [INFO][Sync] Loading: Extension settings
2025-09-14 17:27:20.148: [INFO][Sync] Loading: History Delete Directives
2025-09-14 17:27:20.148: [INFO][Sync] Loading: Device Info
2025-09-14 17:27:20.148: [INFO][Sync] Loading: User Consents
2025-09-14 17:27:20.148: [INFO][Sync] Loading: Send Tab To Self
2025-09-14 17:27:20.148: [INFO][Sync] Loading: Web Apps
2025-09-14 17:27:20.148: [INFO][Sync] Loading: History
2025-09-14 17:27:20.149: [INFO][Sync] Loading: Saved Tab Group
2025-09-14 17:27:20.149: [INFO][Sync] Loading: WebAuthn Credentials
2025-09-14 17:27:20.149: [INFO][Sync] Loading: Collection
2025-09-14 17:27:20.149: [INFO][Sync] Loading: Edge E Drop
2025-09-14 17:27:20.149: [INFO][Sync] Loading: Edge Hub App Usage
2025-09-14 17:27:20.149: [INFO][Sync] Loading: Edge Wallet
2025-09-14 17:27:20.171: [INFO][Sync] All data types are ready for configure.
2025-09-14 17:27:20.171: [INFO][SyncManagerImpl::NudgeForInitialDownload] Initial download nudge for Passwords
2025-09-14 17:27:20.172: [INFO][SyncManagerImpl::ConfigureSyncer] Types to download:  with reason: 4
2025-09-14 17:27:20.172: [INFO][SyncEngineBackend::DoFinishConfigureDataTypes] Failed to download types:  and succeeded types: 
2025-09-14 17:27:20.172: [INFO][Sync] ConfigurationDone, failed: , succeeded: , remaining count: 4
2025-09-14 17:27:20.172: [INFO][Sync] Prepare to configure types: Passwords, Encryption Keys
2025-09-14 17:27:20.173: [INFO][SyncManagerImpl::ConfigureSyncer] Types to download: Passwords, Encryption Keys with reason: 4
2025-09-14 17:27:20.173: [INFO][SyncSchedulerImpl::DoConfigurationSyncCycleJob] Blocked types:  and types to download: Passwords, Encryption Keys
2025-09-14 17:27:20.480: [INFO][SyncEngineBackend::DoFinishConfigureDataTypes] Failed to download types:  and succeeded types: Passwords, Encryption Keys
2025-09-14 17:27:20.484: [INFO][Sync] ConfigurationDone, failed: , succeeded: Passwords, Encryption Keys, remaining count: 3
2025-09-14 17:27:20.484: [INFO][SyncManagerImpl::ConfigureSyncer] Types to download:  with reason: 4
2025-09-14 17:27:20.484: [INFO][SyncEngineBackend::DoFinishConfigureDataTypes] Failed to download types:  and succeeded types: 
2025-09-14 17:27:20.485: [INFO][Sync] ConfigurationDone, failed: , succeeded: , remaining count: 2
2025-09-14 17:27:20.485: [INFO][SyncManagerImpl::ConfigureSyncer] Types to download:  with reason: 4
2025-09-14 17:27:20.485: [INFO][SyncEngineBackend::DoFinishConfigureDataTypes] Failed to download types:  and succeeded types: 
2025-09-14 17:27:20.485: [INFO][Sync] ConfigurationDone, failed: , succeeded: , remaining count: 1
2025-09-14 17:27:20.490: [INFO][SyncManagerImpl::ConfigureSyncer] Types to download:  with reason: 4
2025-09-14 17:27:20.490: [INFO][SyncEngineBackend::DoFinishConfigureDataTypes] Failed to download types:  and succeeded types: 
2025-09-14 17:27:20.494: [INFO][Sync] ConfigurationDone, failed: , succeeded: , remaining count: 0
2025-09-14 17:27:20.496: [INFO][Sync]     Configuration completed, state: 3
2025-09-14 17:27:20.497: [INFO][Sync] Configured DataTypeManager: Ok
2025-09-14 17:27:20.501: [INFO][SyncEngineBackend::DoStartSyncing] Start syncing
2025-09-15 15:41:28.984: [INFO][Sync] Reset engine, reason: 0
2025-09-15 15:41:28.984: [INFO][Sync] Reset engine with reason: 0
2025-10-05 17:24:18.872: [INFO][Sync] SyncState after authenticated was: FeatureCanStart
2025-10-05 17:24:19.287: [INFO][Sync] Try to start sync engine
2025-10-05 17:24:19.288: [INFO][SyncManagerImpl::NudgeForInitialDownload] Initial download nudge for Encryption Keys
2025-10-05 17:24:19.288: [INFO][SyncEngineBackend::LoadAndConnectNigoriController] Load and connect Nigori controller
2025-10-05 17:24:19.288: [INFO][SyncEngineBackend::DoInitialize] Control Types added: Encryption Keys
2025-10-05 17:24:19.288: [INFO][SyncManagerImpl::ConfigureSyncer] Types to download: Encryption Keys with reason: 3
2025-10-05 17:24:19.288: [INFO][SyncSchedulerImpl::DoConfigurationSyncCycleJob] Configure job was blocked
2025-10-05 17:24:19.327: [INFO][SyncAuthManager::SetLastAuthError] Current auth error: None
2025-10-05 17:24:19.327: [INFO][SyncAuthManager::EdgeLogTokenErrorState] Token error with: None for account type: MSA
2025-10-05 17:24:19.327: [INFO][Sync] Credentials changed for: EdgeSyncScopeNew
2025-10-05 17:24:19.763: [INFO][SyncAuthManager::SetLastAuthError] Current auth error: None
2025-10-05 17:24:19.763: [INFO][SyncAuthManager::EdgeLogTokenErrorState] Token error with: None for account type: MSA
2025-10-05 17:24:19.763: [INFO][Sync] Credentials changed for: EdgeSyncKeyDataScope
2025-10-05 17:24:19.763: [INFO][SyncEngineBackend::DoUpdateKeyDataCredentials] Update key data credentials
2025-10-05 17:24:19.763: [INFO][SyncEngineBackend::DoUpdateCredentials] Update credentials
2025-10-05 17:24:19.763: [INFO][SyncSchedulerImpl::DoConfigurationSyncCycleJob] Blocked types:  and types to download: Encryption Keys
2025-10-05 17:24:19.984: [INFO][Sync] Started DataTypeManager configuration, reason: 4
2025-10-05 17:24:19.984: [INFO][Sync] Configuring for: Bookmarks, Preferences, Passwords, Autofill Profiles, Autofill, Extensions, Sessions, Extension settings, History Delete Directives, Device Info, User Consents, Send Tab To Self, Web Apps, History, Saved Tab Group, WebAuthn Credentials, Collection, Edge E Drop, Edge Hub App Usage, Edge Wallet, Encryption Keys, reason: 4, current state: 0
2025-10-05 17:24:19.984: [WARN][Sync] Crypto error data types: Passwords, Autofill Profiles, Autofill
2025-10-05 17:24:19.986: [INFO][Sync] Configure, desired: Bookmarks, Preferences, Extensions, Sessions, Extension settings, History Delete Directives, Device Info, User Consents, Send Tab To Self, Web Apps, History, Saved Tab Group, WebAuthn Credentials, Collection, Edge E Drop, Edge Hub App Usage, Edge Wallet, Encryption Keys; Allow fail: Passwords, Autofill Profiles, Autofill
2025-10-05 17:24:19.986: [INFO][Sync] Loading: Bookmarks
2025-10-05 17:24:19.986: [INFO][Sync] Loading: Preferences
2025-10-05 17:24:19.986: [INFO][Sync] Loading: Extensions
2025-10-05 17:24:19.986: [INFO][Sync] Loading: Sessions
2025-10-05 17:24:19.986: [INFO][Sync] Loading: Extension settings
2025-10-05 17:24:19.986: [INFO][Sync] Loading: History Delete Directives
2025-10-05 17:24:19.987: [INFO][Sync] Loading: Device Info
2025-10-05 17:24:19.987: [INFO][Sync] Loading: User Consents
2025-10-05 17:24:19.987: [INFO][Sync] Loading: Send Tab To Self
2025-10-05 17:24:19.987: [INFO][Sync] Loading: Web Apps
2025-10-05 17:24:19.987: [INFO][Sync] Loading: History
2025-10-05 17:24:19.987: [INFO][Sync] Loading: Saved Tab Group
2025-10-05 17:24:19.987: [INFO][Sync] Loading: WebAuthn Credentials
2025-10-05 17:24:19.987: [INFO][Sync] Loading: Collection
2025-10-05 17:24:19.987: [INFO][Sync] Loading: Edge E Drop
2025-10-05 17:24:19.987: [INFO][Sync] Loading: Edge Hub App Usage
2025-10-05 17:24:19.987: [INFO][Sync] Loading: Edge Wallet
2025-10-05 17:24:19.996: [INFO][Sync] All data types are ready for configure.
2025-10-05 17:24:20.225: [INFO][Sync] Started DataTypeManager configuration, reason: 5
2025-10-05 17:24:20.225: [INFO][Sync] Configuring for: Bookmarks, Preferences, Passwords, Autofill Profiles, Autofill, Extensions, Sessions, Extension settings, History Delete Directives, Device Info, User Consents, Send Tab To Self, Web Apps, History, Saved Tab Group, WebAuthn Credentials, Collection, Edge E Drop, Edge Hub App Usage, Edge Wallet, Encryption Keys, reason: 5, current state: 1
2025-10-05 17:24:20.228: [INFO][SyncEngineBackend::DoStartConfiguration] Start configuration
2025-10-05 17:24:20.229: [INFO][SyncManagerImpl::ConfigureSyncer] Types to download:  with reason: 4
2025-10-05 17:24:20.229: [INFO][SyncEngineBackend::DoFinishConfigureDataTypes] Failed to download types:  and succeeded types: 
2025-10-05 17:24:20.229: [INFO][Sync] ConfigurationDone, failed: , succeeded: , remaining count: 4
2025-10-05 17:24:20.229: [WARN][Sync]     Reconfigure requested while configuration ongoing.
2025-10-05 17:24:20.229: [INFO][Sync] Configuring for: Bookmarks, Preferences, Passwords, Autofill Profiles, Autofill, Extensions, Sessions, Extension settings, History Delete Directives, Device Info, User Consents, Send Tab To Self, Web Apps, History, Saved Tab Group, WebAuthn Credentials, Collection, Edge E Drop, Edge Hub App Usage, Edge Wallet, Encryption Keys, reason: 5, current state: 2
2025-10-05 17:24:20.229: [INFO][Sync] Configure, desired: Bookmarks, Preferences, Passwords, Autofill Profiles, Autofill, Extensions, Sessions, Extension settings, History Delete Directives, Device Info, User Consents, Send Tab To Self, Web Apps, History, Saved Tab Group, WebAuthn Credentials, Collection, Edge E Drop, Edge Hub App Usage, Edge Wallet, Encryption Keys; Allow fail: 
2025-10-05 17:24:20.229: [INFO][Sync] Loading: Passwords
2025-10-05 17:24:20.229: [INFO][Sync] Loading: Autofill Profiles
2025-10-05 17:24:20.229: [INFO][Sync] Loading: Autofill
2025-10-05 17:24:20.234: [INFO][Sync] All data types are ready for configure.
2025-10-05 17:24:20.234: [INFO][SyncManagerImpl::NudgeForInitialDownload] Initial download nudge for Passwords
2025-10-05 17:24:20.234: [INFO][SyncManagerImpl::ConfigureSyncer] Types to download:  with reason: 5
2025-10-05 17:24:20.234: [INFO][SyncEngineBackend::DoFinishConfigureDataTypes] Failed to download types:  and succeeded types: 
2025-10-05 17:24:20.234: [INFO][Sync] ConfigurationDone, failed: , succeeded: , remaining count: 4
2025-10-05 17:24:20.234: [INFO][Sync] Prepare to configure types: Passwords, Encryption Keys
2025-10-05 17:24:20.234: [INFO][SyncManagerImpl::ConfigureSyncer] Types to download: Passwords, Encryption Keys with reason: 5
2025-10-05 17:24:20.235: [INFO][SyncSchedulerImpl::DoConfigurationSyncCycleJob] Blocked types:  and types to download: Passwords, Encryption Keys
2025-10-05 17:24:20.424: [INFO][SyncEngineBackend::DoFinishConfigureDataTypes] Failed to download types:  and succeeded types: Passwords, Encryption Keys
2025-10-05 17:24:20.427: [INFO][Sync] ConfigurationDone, failed: , succeeded: Passwords, Encryption Keys, remaining count: 3
2025-10-05 17:24:20.427: [INFO][SyncManagerImpl::ConfigureSyncer] Types to download:  with reason: 5
2025-10-05 17:24:20.427: [INFO][SyncEngineBackend::DoFinishConfigureDataTypes] Failed to download types:  and succeeded types: 
2025-10-05 17:24:20.427: [INFO][Sync] ConfigurationDone, failed: , succeeded: , remaining count: 2
2025-10-05 17:24:20.427: [INFO][SyncManagerImpl::ConfigureSyncer] Types to download:  with reason: 5
2025-10-05 17:24:20.427: [INFO][SyncEngineBackend::DoFinishConfigureDataTypes] Failed to download types:  and succeeded types: 
2025-10-05 17:24:20.432: [INFO][Sync] ConfigurationDone, failed: , succeeded: , remaining count: 1
2025-10-05 17:24:20.434: [INFO][SyncManagerImpl::ConfigureSyncer] Types to download:  with reason: 5
2025-10-05 17:24:20.434: [INFO][SyncEngineBackend::DoFinishConfigureDataTypes] Failed to download types:  and succeeded types: 
2025-10-05 17:24:20.434: [INFO][Sync] ConfigurationDone, failed: , succeeded: , remaining count: 0
2025-10-05 17:24:20.438: [INFO][Sync]     Configuration completed, state: 7
2025-10-05 17:24:20.438: [INFO][Sync] Configured DataTypeManager: Ok
2025-10-05 17:24:20.444: [INFO][SyncEngineBackend::DoStartSyncing] Start syncing
2025-10-05 17:27:00.111: [INFO][Sync] Reset engine, reason: 0
2025-10-05 17:27:00.111: [INFO][Sync] Reset engine with reason: 0
2025-10-05 17:45:58.780: [INFO][Sync] SyncState after authenticated was: FeatureCanStart
2025-10-05 17:45:59.178: [INFO][Sync] Try to start sync engine
2025-10-05 17:45:59.179: [INFO][SyncManagerImpl::NudgeForInitialDownload] Initial download nudge for Encryption Keys
2025-10-05 17:45:59.179: [INFO][SyncEngineBackend::LoadAndConnectNigoriController] Load and connect Nigori controller
2025-10-05 17:45:59.179: [INFO][SyncEngineBackend::DoInitialize] Control Types added: Encryption Keys
2025-10-05 17:45:59.179: [INFO][SyncManagerImpl::ConfigureSyncer] Types to download: Encryption Keys with reason: 3
2025-10-05 17:45:59.179: [INFO][SyncSchedulerImpl::DoConfigurationSyncCycleJob] Configure job was blocked
2025-10-05 17:45:59.216: [INFO][SyncAuthManager::SetLastAuthError] Current auth error: None
2025-10-05 17:45:59.216: [INFO][SyncAuthManager::EdgeLogTokenErrorState] Token error with: None for account type: MSA
2025-10-05 17:45:59.216: [INFO][Sync] Credentials changed for: EdgeSyncScopeNew
2025-10-05 17:45:59.699: [INFO][SyncAuthManager::SetLastAuthError] Current auth error: None
2025-10-05 17:45:59.699: [INFO][SyncAuthManager::EdgeLogTokenErrorState] Token error with: None for account type: MSA
2025-10-05 17:45:59.699: [INFO][Sync] Credentials changed for: EdgeSyncKeyDataScope
2025-10-05 17:45:59.699: [INFO][SyncEngineBackend::DoUpdateKeyDataCredentials] Update key data credentials
2025-10-05 17:45:59.699: [INFO][SyncEngineBackend::DoUpdateCredentials] Update credentials
2025-10-05 17:45:59.699: [INFO][SyncSchedulerImpl::DoConfigurationSyncCycleJob] Blocked types:  and types to download: Encryption Keys
2025-10-05 17:46:00.239: [INFO][Sync] Started DataTypeManager configuration, reason: 4
2025-10-05 17:46:00.239: [INFO][Sync] Configuring for: Bookmarks, Preferences, Passwords, Autofill Profiles, Autofill, Extensions, Sessions, Extension settings, History Delete Directives, Device Info, User Consents, Send Tab To Self, Web Apps, History, Saved Tab Group, WebAuthn Credentials, Collection, Edge E Drop, Edge Hub App Usage, Edge Wallet, Encryption Keys, reason: 4, current state: 0
2025-10-05 17:46:00.239: [WARN][Sync] Crypto error data types: Passwords, Autofill Profiles, Autofill
2025-10-05 17:46:00.243: [INFO][Sync] Configure, desired: Bookmarks, Preferences, Extensions, Sessions, Extension settings, History Delete Directives, Device Info, User Consents, Send Tab To Self, Web Apps, History, Saved Tab Group, WebAuthn Credentials, Collection, Edge E Drop, Edge Hub App Usage, Edge Wallet, Encryption Keys; Allow fail: Passwords, Autofill Profiles, Autofill
2025-10-05 17:46:00.243: [INFO][Sync] Loading: Bookmarks
2025-10-05 17:46:00.243: [INFO][Sync] Loading: Preferences
2025-10-05 17:46:00.243: [INFO][Sync] Loading: Extensions
2025-10-05 17:46:00.243: [INFO][Sync] Loading: Sessions
2025-10-05 17:46:00.243: [INFO][Sync] Loading: Extension settings
2025-10-05 17:46:00.243: [INFO][Sync] Loading: History Delete Directives
2025-10-05 17:46:00.244: [INFO][Sync] Loading: Device Info
2025-10-05 17:46:00.244: [INFO][Sync] Loading: User Consents
2025-10-05 17:46:00.244: [INFO][Sync] Loading: Send Tab To Self
2025-10-05 17:46:00.244: [INFO][Sync] Loading: Web Apps
2025-10-05 17:46:00.244: [INFO][Sync] Loading: History
2025-10-05 17:46:00.244: [INFO][Sync] Loading: Saved Tab Group
2025-10-05 17:46:00.244: [INFO][Sync] Loading: WebAuthn Credentials
2025-10-05 17:46:00.244: [INFO][Sync] Loading: Collection
2025-10-05 17:46:00.244: [INFO][Sync] Loading: Edge E Drop
2025-10-05 17:46:00.244: [INFO][Sync] Loading: Edge Hub App Usage
2025-10-05 17:46:00.244: [INFO][Sync] Loading: Edge Wallet
2025-10-05 17:46:00.256: [INFO][Sync] All data types are ready for configure.
2025-10-05 17:46:00.536: [INFO][Sync] Started DataTypeManager configuration, reason: 5
2025-10-05 17:46:00.536: [INFO][Sync] Configuring for: Bookmarks, Preferences, Passwords, Autofill Profiles, Autofill, Extensions, Sessions, Extension settings, History Delete Directives, Device Info, User Consents, Send Tab To Self, Web Apps, History, Saved Tab Group, WebAuthn Credentials, Collection, Edge E Drop, Edge Hub App Usage, Edge Wallet, Encryption Keys, reason: 5, current state: 1
2025-10-05 17:46:00.538: [INFO][SyncEngineBackend::DoStartConfiguration] Start configuration
2025-10-05 17:46:00.539: [INFO][SyncManagerImpl::ConfigureSyncer] Types to download:  with reason: 4
2025-10-05 17:46:00.539: [INFO][SyncEngineBackend::DoFinishConfigureDataTypes] Failed to download types:  and succeeded types: 
2025-10-05 17:46:00.541: [INFO][Sync] ConfigurationDone, failed: , succeeded: , remaining count: 4
2025-10-05 17:46:00.541: [WARN][Sync]     Reconfigure requested while configuration ongoing.
2025-10-05 17:46:00.541: [INFO][Sync] Configuring for: Bookmarks, Preferences, Passwords, Autofill Profiles, Autofill, Extensions, Sessions, Extension settings, History Delete Directives, Device Info, User Consents, Send Tab To Self, Web Apps, History, Saved Tab Group, WebAuthn Credentials, Collection, Edge E Drop, Edge Hub App Usage, Edge Wallet, Encryption Keys, reason: 5, current state: 2
2025-10-05 17:46:00.541: [INFO][Sync] Configure, desired: Bookmarks, Preferences, Passwords, Autofill Profiles, Autofill, Extensions, Sessions, Extension settings, History Delete Directives, Device Info, User Consents, Send Tab To Self, Web Apps, History, Saved Tab Group, WebAuthn Credentials, Collection, Edge E Drop, Edge Hub App Usage, Edge Wallet, Encryption Keys; Allow fail: 
2025-10-05 17:46:00.541: [INFO][Sync] Loading: Passwords
2025-10-05 17:46:00.541: [INFO][Sync] Loading: Autofill Profiles
2025-10-05 17:46:00.541: [INFO][Sync] Loading: Autofill
2025-10-05 17:46:00.541: [INFO][Sync] All data types are ready for configure.
2025-10-05 17:46:00.541: [INFO][SyncManagerImpl::NudgeForInitialDownload] Initial download nudge for Passwords
2025-10-05 17:46:00.541: [INFO][SyncManagerImpl::ConfigureSyncer] Types to download:  with reason: 5
2025-10-05 17:46:00.541: [INFO][SyncEngineBackend::DoFinishConfigureDataTypes] Failed to download types:  and succeeded types: 
2025-10-05 17:46:00.547: [INFO][Sync] ConfigurationDone, failed: , succeeded: , remaining count: 4
2025-10-05 17:46:00.547: [INFO][Sync] Prepare to configure types: Passwords, Encryption Keys
2025-10-05 17:46:00.547: [INFO][SyncManagerImpl::ConfigureSyncer] Types to download: Passwords, Encryption Keys with reason: 5
2025-10-05 17:46:00.547: [INFO][SyncSchedulerImpl::DoConfigurationSyncCycleJob] Blocked types:  and types to download: Passwords, Encryption Keys
2025-10-05 17:46:00.775: [INFO][SyncEngineBackend::DoFinishConfigureDataTypes] Failed to download types:  and succeeded types: Passwords, Encryption Keys
2025-10-05 17:46:00.778: [INFO][Sync] ConfigurationDone, failed: , succeeded: Passwords, Encryption Keys, remaining count: 3
2025-10-05 17:46:00.778: [INFO][SyncManagerImpl::ConfigureSyncer] Types to download:  with reason: 5
2025-10-05 17:46:00.778: [INFO][SyncEngineBackend::DoFinishConfigureDataTypes] Failed to download types:  and succeeded types: 
2025-10-05 17:46:00.778: [INFO][Sync] ConfigurationDone, failed: , succeeded: , remaining count: 2
2025-10-05 17:46:00.778: [INFO][SyncManagerImpl::ConfigureSyncer] Types to download:  with reason: 5
2025-10-05 17:46:00.778: [INFO][SyncEngineBackend::DoFinishConfigureDataTypes] Failed to download types:  and succeeded types: 
2025-10-05 17:46:00.782: [INFO][Sync] ConfigurationDone, failed: , succeeded: , remaining count: 1
2025-10-05 17:46:00.785: [INFO][SyncManagerImpl::ConfigureSyncer] Types to download:  with reason: 5
2025-10-05 17:46:00.785: [INFO][SyncEngineBackend::DoFinishConfigureDataTypes] Failed to download types:  and succeeded types: 
2025-10-05 17:46:00.785: [INFO][Sync] ConfigurationDone, failed: , succeeded: , remaining count: 0
2025-10-05 17:46:00.787: [INFO][Sync]     Configuration completed, state: 7
2025-10-05 17:46:00.788: [INFO][Sync] Configured DataTypeManager: Ok
2025-10-05 17:46:00.792: [INFO][SyncEngineBackend::DoStartSyncing] Start syncing
2025-10-05 17:46:49.432: [INFO][Sync] Reset engine, reason: 0
2025-10-05 17:46:49.432: [INFO][Sync] Reset engine with reason: 0
2025-10-05 17:57:14.222: [INFO][Sync] SyncState after authenticated was: FeatureCanStart
2025-10-05 17:57:14.612: [INFO][Sync] Try to start sync engine
2025-10-05 17:57:14.613: [INFO][SyncManagerImpl::NudgeForInitialDownload] Initial download nudge for Encryption Keys
2025-10-05 17:57:14.613: [INFO][SyncEngineBackend::LoadAndConnectNigoriController] Load and connect Nigori controller
2025-10-05 17:57:14.613: [INFO][SyncEngineBackend::DoInitialize] Control Types added: Encryption Keys
2025-10-05 17:57:14.613: [INFO][SyncManagerImpl::ConfigureSyncer] Types to download: Encryption Keys with reason: 3
2025-10-05 17:57:14.613: [INFO][SyncSchedulerImpl::DoConfigurationSyncCycleJob] Configure job was blocked
2025-10-05 17:57:14.651: [INFO][SyncAuthManager::SetLastAuthError] Current auth error: None
2025-10-05 17:57:14.651: [INFO][SyncAuthManager::EdgeLogTokenErrorState] Token error with: None for account type: MSA
2025-10-05 17:57:14.651: [INFO][Sync] Credentials changed for: EdgeSyncScopeNew
2025-10-05 17:57:15.152: [INFO][SyncAuthManager::SetLastAuthError] Current auth error: None
2025-10-05 17:57:15.153: [INFO][SyncAuthManager::EdgeLogTokenErrorState] Token error with: None for account type: MSA
2025-10-05 17:57:15.153: [INFO][Sync] Credentials changed for: EdgeSyncKeyDataScope
2025-10-05 17:57:15.153: [INFO][SyncEngineBackend::DoUpdateKeyDataCredentials] Update key data credentials
2025-10-05 17:57:15.153: [INFO][SyncEngineBackend::DoUpdateCredentials] Update credentials
2025-10-05 17:57:15.153: [INFO][SyncSchedulerImpl::DoConfigurationSyncCycleJob] Blocked types:  and types to download: Encryption Keys
2025-10-05 17:57:15.694: [INFO][Sync] Started DataTypeManager configuration, reason: 4
2025-10-05 17:57:15.694: [INFO][Sync] Configuring for: Bookmarks, Preferences, Passwords, Autofill Profiles, Autofill, Extensions, Sessions, Extension settings, History Delete Directives, Device Info, User Consents, Send Tab To Self, Web Apps, History, Saved Tab Group, WebAuthn Credentials, Collection, Edge E Drop, Edge Hub App Usage, Edge Wallet, Encryption Keys, reason: 4, current state: 0
2025-10-05 17:57:15.694: [WARN][Sync] Crypto error data types: Passwords, Autofill Profiles, Autofill
2025-10-05 17:57:15.698: [INFO][Sync] Configure, desired: Bookmarks, Preferences, Extensions, Sessions, Extension settings, History Delete Directives, Device Info, User Consents, Send Tab To Self, Web Apps, History, Saved Tab Group, WebAuthn Credentials, Collection, Edge E Drop, Edge Hub App Usage, Edge Wallet, Encryption Keys; Allow fail: Passwords, Autofill Profiles, Autofill
2025-10-05 17:57:15.698: [INFO][Sync] Loading: Bookmarks
2025-10-05 17:57:15.698: [INFO][Sync] Loading: Preferences
2025-10-05 17:57:15.698: [INFO][Sync] Loading: Extensions
2025-10-05 17:57:15.698: [INFO][Sync] Loading: Sessions
2025-10-05 17:57:15.698: [INFO][Sync] Loading: Extension settings
2025-10-05 17:57:15.698: [INFO][Sync] Loading: History Delete Directives
2025-10-05 17:57:15.698: [INFO][Sync] Loading: Device Info
2025-10-05 17:57:15.698: [INFO][Sync] Loading: User Consents
2025-10-05 17:57:15.698: [INFO][Sync] Loading: Send Tab To Self
2025-10-05 17:57:15.698: [INFO][Sync] Loading: Web Apps
2025-10-05 17:57:15.698: [INFO][Sync] Loading: History
2025-10-05 17:57:15.698: [INFO][Sync] Loading: Saved Tab Group
2025-10-05 17:57:15.698: [INFO][Sync] Loading: WebAuthn Credentials
2025-10-05 17:57:15.698: [INFO][Sync] Loading: Collection
2025-10-05 17:57:15.698: [INFO][Sync] Loading: Edge E Drop
2025-10-05 17:57:15.698: [INFO][Sync] Loading: Edge Hub App Usage
2025-10-05 17:57:15.698: [INFO][Sync] Loading: Edge Wallet
2025-10-05 17:57:15.709: [INFO][Sync] All data types are ready for configure.
2025-10-05 17:57:15.939: [INFO][Sync] Started DataTypeManager configuration, reason: 5
2025-10-05 17:57:15.939: [INFO][Sync] Configuring for: Bookmarks, Preferences, Passwords, Autofill Profiles, Autofill, Extensions, Sessions, Extension settings, History Delete Directives, Device Info, User Consents, Send Tab To Self, Web Apps, History, Saved Tab Group, WebAuthn Credentials, Collection, Edge E Drop, Edge Hub App Usage, Edge Wallet, Encryption Keys, reason: 5, current state: 1
2025-10-05 17:57:15.942: [INFO][SyncEngineBackend::DoStartConfiguration] Start configuration
2025-10-05 17:57:15.942: [INFO][SyncManagerImpl::ConfigureSyncer] Types to download:  with reason: 4
2025-10-05 17:57:15.942: [INFO][SyncEngineBackend::DoFinishConfigureDataTypes] Failed to download types:  and succeeded types: 
2025-10-05 17:57:15.942: [INFO][Sync] ConfigurationDone, failed: , succeeded: , remaining count: 4
2025-10-05 17:57:15.942: [WARN][Sync]     Reconfigure requested while configuration ongoing.
2025-10-05 17:57:15.942: [INFO][Sync] Configuring for: Bookmarks, Preferences, Passwords, Autofill Profiles, Autofill, Extensions, Sessions, Extension settings, History Delete Directives, Device Info, User Consents, Send Tab To Self, Web Apps, History, Saved Tab Group, WebAuthn Credentials, Collection, Edge E Drop, Edge Hub App Usage, Edge Wallet, Encryption Keys, reason: 5, current state: 2
2025-10-05 17:57:15.942: [INFO][Sync] Configure, desired: Bookmarks, Preferences, Passwords, Autofill Profiles, Autofill, Extensions, Sessions, Extension settings, History Delete Directives, Device Info, User Consents, Send Tab To Self, Web Apps, History, Saved Tab Group, WebAuthn Credentials, Collection, Edge E Drop, Edge Hub App Usage, Edge Wallet, Encryption Keys; Allow fail: 
2025-10-05 17:57:15.942: [INFO][Sync] Loading: Passwords
2025-10-05 17:57:15.942: [INFO][Sync] Loading: Autofill Profiles
2025-10-05 17:57:15.942: [INFO][Sync] Loading: Autofill
2025-10-05 17:57:15.947: [INFO][Sync] All data types are ready for configure.
2025-10-05 17:57:15.948: [INFO][SyncManagerImpl::NudgeForInitialDownload] Initial download nudge for Passwords
2025-10-05 17:57:15.948: [INFO][SyncManagerImpl::ConfigureSyncer] Types to download:  with reason: 5
2025-10-05 17:57:15.948: [INFO][SyncEngineBackend::DoFinishConfigureDataTypes] Failed to download types:  and succeeded types: 
2025-10-05 17:57:15.948: [INFO][Sync] ConfigurationDone, failed: , succeeded: , remaining count: 4
2025-10-05 17:57:15.948: [INFO][Sync] Prepare to configure types: Passwords, Encryption Keys
2025-10-05 17:57:15.948: [INFO][SyncManagerImpl::ConfigureSyncer] Types to download: Passwords, Encryption Keys with reason: 5
2025-10-05 17:57:15.948: [INFO][SyncSchedulerImpl::DoConfigurationSyncCycleJob] Blocked types:  and types to download: Passwords, Encryption Keys
2025-10-05 17:57:16.142: [INFO][SyncEngineBackend::DoFinishConfigureDataTypes] Failed to download types:  and succeeded types: Passwords, Encryption Keys
2025-10-05 17:57:16.144: [INFO][Sync] ConfigurationDone, failed: , succeeded: Passwords, Encryption Keys, remaining count: 3
2025-10-05 17:57:16.144: [INFO][SyncManagerImpl::ConfigureSyncer] Types to download:  with reason: 5
2025-10-05 17:57:16.145: [INFO][SyncEngineBackend::DoFinishConfigureDataTypes] Failed to download types:  and succeeded types: 
2025-10-05 17:57:16.145: [INFO][Sync] ConfigurationDone, failed: , succeeded: , remaining count: 2
2025-10-05 17:57:16.145: [INFO][SyncManagerImpl::ConfigureSyncer] Types to download:  with reason: 5
2025-10-05 17:57:16.145: [INFO][SyncEngineBackend::DoFinishConfigureDataTypes] Failed to download types:  and succeeded types: 
2025-10-05 17:57:16.149: [INFO][Sync] ConfigurationDone, failed: , succeeded: , remaining count: 1
2025-10-05 17:57:16.152: [INFO][SyncManagerImpl::ConfigureSyncer] Types to download:  with reason: 5
2025-10-05 17:57:16.152: [INFO][SyncEngineBackend::DoFinishConfigureDataTypes] Failed to download types:  and succeeded types: 
2025-10-05 17:57:16.153: [INFO][Sync] ConfigurationDone, failed: , succeeded: , remaining count: 0
2025-10-05 17:57:16.157: [INFO][Sync]     Configuration completed, state: 7
2025-10-05 17:57:16.157: [INFO][Sync] Configured DataTypeManager: Ok
2025-10-05 17:57:16.162: [INFO][SyncEngineBackend::DoStartSyncing] Start syncing
2025-10-05 17:58:20.164: [INFO][Sync] Reset engine, reason: 0
2025-10-05 17:58:20.164: [INFO][Sync] Reset engine with reason: 0
2025-11-25 22:53:35.555: [INFO][Sync] Reset engine, reason: 8
2025-11-25 22:53:35.555: [INFO][Sync] Stopped: Bookmarks
2025-11-25 22:53:35.555: [INFO][Sync] Stopped: Preferences
2025-11-25 22:53:35.555: [INFO][Sync] Stopped: Passwords
2025-11-25 22:53:35.555: [INFO][Sync] Stopped: Autofill Profiles
2025-11-25 22:53:35.555: [INFO][Sync] Stopped: Autofill
2025-11-25 22:53:35.555: [INFO][Sync] Stopped: Extensions
2025-11-25 22:53:35.555: [INFO][Sync] Stopped: Sessions
2025-11-25 22:53:35.555: [INFO][Sync] Stopped: Extension settings
2025-11-25 22:53:35.555: [INFO][Sync] Stopped: History Delete Directives
2025-11-25 22:53:35.555: [INFO][Sync] Stopped: Device Info
2025-11-25 22:53:35.555: [INFO][Sync] Stopped: User Consents
2025-11-25 22:53:35.555: [INFO][Sync] Stopped: Send Tab To Self
2025-11-25 22:53:35.555: [INFO][Sync] Stopped: Web Apps
2025-11-25 22:53:35.555: [INFO][Sync] Stopped: History
2025-11-25 22:53:35.555: [INFO][Sync] Stopped: Saved Tab Group
2025-11-25 22:53:35.555: [INFO][Sync] Stopped: WebAuthn Credentials
2025-11-25 22:53:35.555: [INFO][Sync] Stopped: Collection
2025-11-25 22:53:35.555: [INFO][Sync] Stopped: Edge E Drop
2025-11-25 22:53:35.555: [INFO][Sync] Stopped: Edge Hub App Usage
2025-11-25 22:53:35.555: [INFO][Sync] Stopped: Edge Wallet
2025-11-25 22:53:35.555: [INFO][Sync] SyncState after authenticated was: NotSignedIn
2025-11-25 22:53:35.726: [INFO][Sync] Reset engine, reason: 8
2025-11-25 22:53:35.726: [INFO][Sync] Stopped: Bookmarks
2025-11-25 22:53:35.726: [INFO][Sync] Stopped: Preferences
2025-11-25 22:53:35.726: [INFO][Sync] Stopped: Passwords
2025-11-25 22:53:35.726: [INFO][Sync] Stopped: Autofill Profiles
2025-11-25 22:53:35.726: [INFO][Sync] Stopped: Autofill
2025-11-25 22:53:35.727: [INFO][Sync] Stopped: Extensions
2025-11-25 22:53:35.727: [INFO][Sync] Stopped: Sessions
2025-11-25 22:53:35.727: [INFO][Sync] Stopped: Extension settings
2025-11-25 22:53:35.727: [INFO][Sync] Stopped: History Delete Directives
2025-11-25 22:53:35.727: [INFO][Sync] Stopped: Device Info
2025-11-25 22:53:35.727: [INFO][Sync] Stopped: User Consents
2025-11-25 22:53:35.727: [INFO][Sync] Stopped: Send Tab To Self
2025-11-25 22:53:35.727: [INFO][Sync] Stopped: Web Apps
2025-11-25 22:53:35.727: [INFO][Sync] Stopped: History
2025-11-25 22:53:35.727: [INFO][Sync] Stopped: Saved Tab Group
2025-11-25 22:53:35.727: [INFO][Sync] Stopped: WebAuthn Credentials
2025-11-25 22:53:35.727: [INFO][Sync] Stopped: Collection
2025-11-25 22:53:35.727: [INFO][Sync] Stopped: Edge E Drop
2025-11-25 22:53:35.727: [INFO][Sync] Stopped: Edge Hub App Usage
2025-11-25 22:53:35.727: [INFO][Sync] Stopped: Edge Wallet
2025-11-25 23:14:55.923: [INFO][Sync] Reset engine, reason: 0
2025-11-25 23:15:32.051: [INFO][Sync] Reset engine, reason: 8
2025-11-25 23:15:32.051: [INFO][Sync] Stopped: Bookmarks
2025-11-25 23:15:32.051: [INFO][Sync] Stopped: Preferences
2025-11-25 23:15:32.051: [INFO][Sync] Stopped: Passwords
2025-11-25 23:15:32.051: [INFO][Sync] Stopped: Autofill Profiles
2025-11-25 23:15:32.051: [INFO][Sync] Stopped: Autofill
2025-11-25 23:15:32.051: [INFO][Sync] Stopped: Extensions
2025-11-25 23:15:32.051: [INFO][Sync] Stopped: Sessions
2025-11-25 23:15:32.051: [INFO][Sync] Stopped: Extension settings
2025-11-25 23:15:32.051: [INFO][Sync] Stopped: History Delete Directives
2025-11-25 23:15:32.051: [INFO][Sync] Stopped: Device Info
2025-11-25 23:15:32.051: [INFO][Sync] Stopped: User Consents
2025-11-25 23:15:32.051: [INFO][Sync] Stopped: Send Tab To Self
2025-11-25 23:15:32.051: [INFO][Sync] Stopped: Web Apps
2025-11-25 23:15:32.051: [INFO][Sync] Stopped: History
2025-11-25 23:15:32.051: [INFO][Sync] Stopped: Saved Tab Group
2025-11-25 23:15:32.051: [INFO][Sync] Stopped: WebAuthn Credentials
2025-11-25 23:15:32.051: [INFO][Sync] Stopped: Collection
2025-11-25 23:15:32.051: [INFO][Sync] Stopped: Edge E Drop
2025-11-25 23:15:32.051: [INFO][Sync] Stopped: Edge Hub App Usage
2025-11-25 23:15:32.051: [INFO][Sync] Stopped: Edge Wallet
2025-11-25 23:15:32.051: [INFO][Sync] SyncState after authenticated was: NotSignedIn
2025-11-25 23:15:32.180: [INFO][Sync] Reset engine, reason: 8
2025-11-25 23:15:32.180: [INFO][Sync] Stopped: Bookmarks
2025-11-25 23:15:32.180: [INFO][Sync] Stopped: Preferences
2025-11-25 23:15:32.180: [INFO][Sync] Stopped: Passwords
2025-11-25 23:15:32.180: [INFO][Sync] Stopped: Autofill Profiles
2025-11-25 23:15:32.180: [INFO][Sync] Stopped: Autofill
2025-11-25 23:15:32.180: [INFO][Sync] Stopped: Extensions
2025-11-25 23:15:32.180: [INFO][Sync] Stopped: Sessions
2025-11-25 23:15:32.180: [INFO][Sync] Stopped: Extension settings
2025-11-25 23:15:32.180: [INFO][Sync] Stopped: History Delete Directives
2025-11-25 23:15:32.180: [INFO][Sync] Stopped: Device Info
2025-11-25 23:15:32.180: [INFO][Sync] Stopped: User Consents
2025-11-25 23:15:32.180: [INFO][Sync] Stopped: Send Tab To Self
2025-11-25 23:15:32.180: [INFO][Sync] Stopped: Web Apps
2025-11-25 23:15:32.180: [INFO][Sync] Stopped: History
2025-11-25 23:15:32.180: [INFO][Sync] Stopped: Saved Tab Group
2025-11-25 23:15:32.180: [INFO][Sync] Stopped: WebAuthn Credentials
2025-11-25 23:15:32.180: [INFO][Sync] Stopped: Collection
2025-11-25 23:15:32.180: [INFO][Sync] Stopped: Edge E Drop
2025-11-25 23:15:32.180: [INFO][Sync] Stopped: Edge Hub App Usage
2025-11-25 23:15:32.180: [INFO][Sync] Stopped: Edge Wallet
2025-11-25 23:24:32.124: [INFO][Sync] Reset engine, reason: 0
2025-11-25 23:24:56.816: [INFO][Sync] Reset engine, reason: 8
2025-11-25 23:24:56.816: [INFO][Sync] Stopped: Bookmarks
2025-11-25 23:24:56.816: [INFO][Sync] Stopped: Preferences
2025-11-25 23:24:56.816: [INFO][Sync] Stopped: Passwords
2025-11-25 23:24:56.816: [INFO][Sync] Stopped: Autofill Profiles
2025-11-25 23:24:56.816: [INFO][Sync] Stopped: Autofill
2025-11-25 23:24:56.816: [INFO][Sync] Stopped: Extensions
2025-11-25 23:24:56.816: [INFO][Sync] Stopped: Sessions
2025-11-25 23:24:56.816: [INFO][Sync] Stopped: Extension settings
2025-11-25 23:24:56.816: [INFO][Sync] Stopped: History Delete Directives
2025-11-25 23:24:56.816: [INFO][Sync] Stopped: Device Info
2025-11-25 23:24:56.816: [INFO][Sync] Stopped: User Consents
2025-11-25 23:24:56.816: [INFO][Sync] Stopped: Send Tab To Self
2025-11-25 23:24:56.816: [INFO][Sync] Stopped: Web Apps
2025-11-25 23:24:56.816: [INFO][Sync] Stopped: History
2025-11-25 23:24:56.816: [INFO][Sync] Stopped: Saved Tab Group
2025-11-25 23:24:56.816: [INFO][Sync] Stopped: WebAuthn Credentials
2025-11-25 23:24:56.816: [INFO][Sync] Stopped: Collection
2025-11-25 23:24:56.816: [INFO][Sync] Stopped: Edge E Drop
2025-11-25 23:24:56.816: [INFO][Sync] Stopped: Edge Hub App Usage
2025-11-25 23:24:56.816: [INFO][Sync] Stopped: Edge Wallet
2025-11-25 23:24:56.816: [INFO][Sync] SyncState after authenticated was: NotSignedIn
2025-11-25 23:24:56.935: [INFO][Sync] Reset engine, reason: 8
2025-11-25 23:24:56.935: [INFO][Sync] Stopped: Bookmarks
2025-11-25 23:24:56.935: [INFO][Sync] Stopped: Preferences
2025-11-25 23:24:56.935: [INFO][Sync] Stopped: Passwords
2025-11-25 23:24:56.935: [INFO][Sync] Stopped: Autofill Profiles
2025-11-25 23:24:56.935: [INFO][Sync] Stopped: Autofill
2025-11-25 23:24:56.935: [INFO][Sync] Stopped: Extensions
2025-11-25 23:24:56.935: [INFO][Sync] Stopped: Sessions
2025-11-25 23:24:56.935: [INFO][Sync] Stopped: Extension settings
2025-11-25 23:24:56.935: [INFO][Sync] Stopped: History Delete Directives
2025-11-25 23:24:56.935: [INFO][Sync] Stopped: Device Info
2025-11-25 23:24:56.935: [INFO][Sync] Stopped: User Consents
2025-11-25 23:24:56.935: [INFO][Sync] Stopped: Send Tab To Self
2025-11-25 23:24:56.935: [INFO][Sync] Stopped: Web Apps
2025-11-25 23:24:56.935: [INFO][Sync] Stopped: History
2025-11-25 23:24:56.935: [INFO][Sync] Stopped: Saved Tab Group
2025-11-25 23:24:56.935: [INFO][Sync] Stopped: WebAuthn Credentials
2025-11-25 23:24:56.935: [INFO][Sync] Stopped: Collection
2025-11-25 23:24:56.935: [INFO][Sync] Stopped: Edge E Drop
2025-11-25 23:24:56.935: [INFO][Sync] Stopped: Edge Hub App Usage
2025-11-25 23:24:56.935: [INFO][Sync] Stopped: Edge Wallet
2025-11-25 23:28:29.788: [INFO][Sync] Reset engine, reason: 0
2025-11-25 23:28:53.242: [INFO][Sync] Reset engine, reason: 8
2025-11-25 23:28:53.242: [INFO][Sync] Stopped: Bookmarks
2025-11-25 23:28:53.242: [INFO][Sync] Stopped: Preferences
2025-11-25 23:28:53.242: [INFO][Sync] Stopped: Passwords
2025-11-25 23:28:53.242: [INFO][Sync] Stopped: Autofill Profiles
2025-11-25 23:28:53.242: [INFO][Sync] Stopped: Autofill
2025-11-25 23:28:53.242: [INFO][Sync] Stopped: Extensions
2025-11-25 23:28:53.242: [INFO][Sync] Stopped: Sessions
2025-11-25 23:28:53.242: [INFO][Sync] Stopped: Extension settings
2025-11-25 23:28:53.242: [INFO][Sync] Stopped: History Delete Directives
2025-11-25 23:28:53.242: [INFO][Sync] Stopped: Device Info
2025-11-25 23:28:53.242: [INFO][Sync] Stopped: User Consents
2025-11-25 23:28:53.242: [INFO][Sync] Stopped: Send Tab To Self
2025-11-25 23:28:53.242: [INFO][Sync] Stopped: Web Apps
2025-11-25 23:28:53.242: [INFO][Sync] Stopped: History
2025-11-25 23:28:53.242: [INFO][Sync] Stopped: Saved Tab Group
2025-11-25 23:28:53.242: [INFO][Sync] Stopped: WebAuthn Credentials
2025-11-25 23:28:53.242: [INFO][Sync] Stopped: Collection
2025-11-25 23:28:53.242: [INFO][Sync] Stopped: Edge E Drop
2025-11-25 23:28:53.242: [INFO][Sync] Stopped: Edge Hub App Usage
2025-11-25 23:28:53.242: [INFO][Sync] Stopped: Edge Wallet
2025-11-25 23:28:53.242: [INFO][Sync] SyncState after authenticated was: NotSignedIn
2025-11-25 23:28:53.363: [INFO][Sync] Reset engine, reason: 8
2025-11-25 23:28:53.363: [INFO][Sync] Stopped: Bookmarks
2025-11-25 23:28:53.363: [INFO][Sync] Stopped: Preferences
2025-11-25 23:28:53.363: [INFO][Sync] Stopped: Passwords
2025-11-25 23:28:53.363: [INFO][Sync] Stopped: Autofill Profiles
2025-11-25 23:28:53.363: [INFO][Sync] Stopped: Autofill
2025-11-25 23:28:53.363: [INFO][Sync] Stopped: Extensions
2025-11-25 23:28:53.363: [INFO][Sync] Stopped: Sessions
2025-11-25 23:28:53.363: [INFO][Sync] Stopped: Extension settings
2025-11-25 23:28:53.363: [INFO][Sync] Stopped: History Delete Directives
2025-11-25 23:28:53.363: [INFO][Sync] Stopped: Device Info
2025-11-25 23:28:53.363: [INFO][Sync] Stopped: User Consents
2025-11-25 23:28:53.363: [INFO][Sync] Stopped: Send Tab To Self
2025-11-25 23:28:53.363: [INFO][Sync] Stopped: Web Apps
2025-11-25 23:28:53.363: [INFO][Sync] Stopped: History
2025-11-25 23:28:53.363: [INFO][Sync] Stopped: Saved Tab Group
2025-11-25 23:28:53.363: [INFO][Sync] Stopped: WebAuthn Credentials
2025-11-25 23:28:53.363: [INFO][Sync] Stopped: Collection
2025-11-25 23:28:53.363: [INFO][Sync] Stopped: Edge E Drop
2025-11-25 23:28:53.363: [INFO][Sync] Stopped: Edge Hub App Usage
2025-11-25 23:28:53.363: [INFO][Sync] Stopped: Edge Wallet
2025-11-25 23:32:25.262: [INFO][Sync] Reset engine, reason: 0
2025-11-25 23:32:52.097: [INFO][Sync] Reset engine, reason: 8
2025-11-25 23:32:52.097: [INFO][Sync] Stopped: Bookmarks
2025-11-25 23:32:52.097: [INFO][Sync] Stopped: Preferences
2025-11-25 23:32:52.097: [INFO][Sync] Stopped: Passwords
2025-11-25 23:32:52.097: [INFO][Sync] Stopped: Autofill Profiles
2025-11-25 23:32:52.097: [INFO][Sync] Stopped: Autofill
2025-11-25 23:32:52.097: [INFO][Sync] Stopped: Extensions
2025-11-25 23:32:52.097: [INFO][Sync] Stopped: Sessions
2025-11-25 23:32:52.097: [INFO][Sync] Stopped: Extension settings
2025-11-25 23:32:52.097: [INFO][Sync] Stopped: History Delete Directives
2025-11-25 23:32:52.097: [INFO][Sync] Stopped: Device Info
2025-11-25 23:32:52.097: [INFO][Sync] Stopped: User Consents
2025-11-25 23:32:52.097: [INFO][Sync] Stopped: Send Tab To Self
2025-11-25 23:32:52.097: [INFO][Sync] Stopped: Web Apps
2025-11-25 23:32:52.097: [INFO][Sync] Stopped: History
2025-11-25 23:32:52.097: [INFO][Sync] Stopped: Saved Tab Group
2025-11-25 23:32:52.097: [INFO][Sync] Stopped: WebAuthn Credentials
2025-11-25 23:32:52.097: [INFO][Sync] Stopped: Collection
2025-11-25 23:32:52.097: [INFO][Sync] Stopped: Edge E Drop
2025-11-25 23:32:52.097: [INFO][Sync] Stopped: Edge Hub App Usage
2025-11-25 23:32:52.097: [INFO][Sync] Stopped: Edge Wallet
2025-11-25 23:32:52.097: [INFO][Sync] SyncState after authenticated was: NotSignedIn
2025-11-25 23:32:52.235: [INFO][Sync] Reset engine, reason: 8
2025-11-25 23:32:52.235: [INFO][Sync] Stopped: Bookmarks
2025-11-25 23:32:52.235: [INFO][Sync] Stopped: Preferences
2025-11-25 23:32:52.235: [INFO][Sync] Stopped: Passwords
2025-11-25 23:32:52.235: [INFO][Sync] Stopped: Autofill Profiles
2025-11-25 23:32:52.235: [INFO][Sync] Stopped: Autofill
2025-11-25 23:32:52.235: [INFO][Sync] Stopped: Extensions
2025-11-25 23:32:52.235: [INFO][Sync] Stopped: Sessions
2025-11-25 23:32:52.235: [INFO][Sync] Stopped: Extension settings
2025-11-25 23:32:52.235: [INFO][Sync] Stopped: History Delete Directives
2025-11-25 23:32:52.235: [INFO][Sync] Stopped: Device Info
2025-11-25 23:32:52.235: [INFO][Sync] Stopped: User Consents
2025-11-25 23:32:52.235: [INFO][Sync] Stopped: Send Tab To Self
2025-11-25 23:32:52.235: [INFO][Sync] Stopped: Web Apps
2025-11-25 23:32:52.235: [INFO][Sync] Stopped: History
2025-11-25 23:32:52.235: [INFO][Sync] Stopped: Saved Tab Group
2025-11-25 23:32:52.235: [INFO][Sync] Stopped: WebAuthn Credentials
2025-11-25 23:32:52.235: [INFO][Sync] Stopped: Collection
2025-11-25 23:32:52.235: [INFO][Sync] Stopped: Edge E Drop
2025-11-25 23:32:52.235: [INFO][Sync] Stopped: Edge Hub App Usage
2025-11-25 23:32:52.235: [INFO][Sync] Stopped: Edge Wallet
2025-11-25 23:38:23.181: [INFO][Sync] Reset engine, reason: 0
2025-11-25 23:38:46.942: [INFO][Sync] Reset engine, reason: 8
2025-11-25 23:38:46.942: [INFO][Sync] Stopped: Bookmarks
2025-11-25 23:38:46.942: [INFO][Sync] Stopped: Preferences
2025-11-25 23:38:46.942: [INFO][Sync] Stopped: Passwords
2025-11-25 23:38:46.942: [INFO][Sync] Stopped: Autofill Profiles
2025-11-25 23:38:46.942: [INFO][Sync] Stopped: Autofill
2025-11-25 23:38:46.942: [INFO][Sync] Stopped: Extensions
2025-11-25 23:38:46.942: [INFO][Sync] Stopped: Sessions
2025-11-25 23:38:46.942: [INFO][Sync] Stopped: Extension settings
2025-11-25 23:38:46.942: [INFO][Sync] Stopped: History Delete Directives
2025-11-25 23:38:46.942: [INFO][Sync] Stopped: Device Info
2025-11-25 23:38:46.942: [INFO][Sync] Stopped: User Consents
2025-11-25 23:38:46.942: [INFO][Sync] Stopped: Send Tab To Self
2025-11-25 23:38:46.942: [INFO][Sync] Stopped: Web Apps
2025-11-25 23:38:46.942: [INFO][Sync] Stopped: History
2025-11-25 23:38:46.942: [INFO][Sync] Stopped: Saved Tab Group
2025-11-25 23:38:46.943: [INFO][Sync] Stopped: WebAuthn Credentials
2025-11-25 23:38:46.943: [INFO][Sync] Stopped: Collection
2025-11-25 23:38:46.943: [INFO][Sync] Stopped: Edge E Drop
2025-11-25 23:38:46.943: [INFO][Sync] Stopped: Edge Hub App Usage
2025-11-25 23:38:46.943: [INFO][Sync] Stopped: Edge Wallet
2025-11-25 23:38:46.943: [INFO][Sync] SyncState after authenticated was: NotSignedIn
2025-11-25 23:38:47.084: [INFO][Sync] Reset engine, reason: 8
2025-11-25 23:38:47.084: [INFO][Sync] Stopped: Bookmarks
2025-11-25 23:38:47.084: [INFO][Sync] Stopped: Preferences
2025-11-25 23:38:47.084: [INFO][Sync] Stopped: Passwords
2025-11-25 23:38:47.084: [INFO][Sync] Stopped: Autofill Profiles
2025-11-25 23:38:47.084: [INFO][Sync] Stopped: Autofill
2025-11-25 23:38:47.084: [INFO][Sync] Stopped: Extensions
2025-11-25 23:38:47.084: [INFO][Sync] Stopped: Sessions
2025-11-25 23:38:47.084: [INFO][Sync] Stopped: Extension settings
2025-11-25 23:38:47.084: [INFO][Sync] Stopped: History Delete Directives
2025-11-25 23:38:47.084: [INFO][Sync] Stopped: Device Info
2025-11-25 23:38:47.084: [INFO][Sync] Stopped: User Consents
2025-11-25 23:38:47.084: [INFO][Sync] Stopped: Send Tab To Self
2025-11-25 23:38:47.084: [INFO][Sync] Stopped: Web Apps
2025-11-25 23:38:47.084: [INFO][Sync] Stopped: History
2025-11-25 23:38:47.084: [INFO][Sync] Stopped: Saved Tab Group
2025-11-25 23:38:47.084: [INFO][Sync] Stopped: WebAuthn Credentials
2025-11-25 23:38:47.084: [INFO][Sync] Stopped: Collection
2025-11-25 23:38:47.084: [INFO][Sync] Stopped: Edge E Drop
2025-11-25 23:38:47.084: [INFO][Sync] Stopped: Edge Hub App Usage
2025-11-25 23:38:47.084: [INFO][Sync] Stopped: Edge Wallet
2025-11-25 23:42:57.354: [INFO][Sync] Reset engine, reason: 0
2025-11-26 22:08:28.837: [INFO][Sync] Reset engine, reason: 8
2025-11-26 22:08:28.837: [INFO][Sync] Stopped: Bookmarks
2025-11-26 22:08:28.837: [INFO][Sync] Stopped: Preferences
2025-11-26 22:08:28.837: [INFO][Sync] Stopped: Passwords
2025-11-26 22:08:28.837: [INFO][Sync] Stopped: Autofill Profiles
2025-11-26 22:08:28.837: [INFO][Sync] Stopped: Autofill
2025-11-26 22:08:28.837: [INFO][Sync] Stopped: Extensions
2025-11-26 22:08:28.837: [INFO][Sync] Stopped: Sessions
2025-11-26 22:08:28.837: [INFO][Sync] Stopped: Extension settings
2025-11-26 22:08:28.837: [INFO][Sync] Stopped: History Delete Directives
2025-11-26 22:08:28.837: [INFO][Sync] Stopped: Device Info
2025-11-26 22:08:28.837: [INFO][Sync] Stopped: User Consents
2025-11-26 22:08:28.837: [INFO][Sync] Stopped: Send Tab To Self
2025-11-26 22:08:28.837: [INFO][Sync] Stopped: Web Apps
2025-11-26 22:08:28.837: [INFO][Sync] Stopped: History
2025-11-26 22:08:28.837: [INFO][Sync] Stopped: Saved Tab Group
2025-11-26 22:08:28.837: [INFO][Sync] Stopped: WebAuthn Credentials
2025-11-26 22:08:28.837: [INFO][Sync] Stopped: Collection
2025-11-26 22:08:28.837: [INFO][Sync] Stopped: Edge E Drop
2025-11-26 22:08:28.837: [INFO][Sync] Stopped: Edge Hub App Usage
2025-11-26 22:08:28.837: [INFO][Sync] Stopped: Edge Wallet
2025-11-26 22:08:28.837: [INFO][Sync] SyncState after authenticated was: NotSignedIn
2025-11-26 22:08:28.972: [INFO][Sync] Reset engine, reason: 8
2025-11-26 22:08:28.972: [INFO][Sync] Stopped: Bookmarks
2025-11-26 22:08:28.972: [INFO][Sync] Stopped: Preferences
2025-11-26 22:08:28.972: [INFO][Sync] Stopped: Passwords
2025-11-26 22:08:28.972: [INFO][Sync] Stopped: Autofill Profiles
2025-11-26 22:08:28.972: [INFO][Sync] Stopped: Autofill
2025-11-26 22:08:28.972: [INFO][Sync] Stopped: Extensions
2025-11-26 22:08:28.972: [INFO][Sync] Stopped: Sessions
2025-11-26 22:08:28.972: [INFO][Sync] Stopped: Extension settings
2025-11-26 22:08:28.972: [INFO][Sync] Stopped: History Delete Directives
2025-11-26 22:08:28.972: [INFO][Sync] Stopped: Device Info
2025-11-26 22:08:28.972: [INFO][Sync] Stopped: User Consents
2025-11-26 22:08:28.972: [INFO][Sync] Stopped: Send Tab To Self
2025-11-26 22:08:28.972: [INFO][Sync] Stopped: Web Apps
2025-11-26 22:08:28.972: [INFO][Sync] Stopped: History
2025-11-26 22:08:28.972: [INFO][Sync] Stopped: Saved Tab Group
2025-11-26 22:08:28.972: [INFO][Sync] Stopped: WebAuthn Credentials
2025-11-26 22:08:28.972: [INFO][Sync] Stopped: Collection
2025-11-26 22:08:28.972: [INFO][Sync] Stopped: Edge E Drop
2025-11-26 22:08:28.972: [INFO][Sync] Stopped: Edge Hub App Usage
2025-11-26 22:08:28.972: [INFO][Sync] Stopped: Edge Wallet
2025-11-26 22:10:51.216: [INFO][Sync] Reset engine, reason: 0
2025-11-26 22:19:37.240: [INFO][Sync] Reset engine, reason: 8
2025-11-26 22:19:37.240: [INFO][Sync] Stopped: Bookmarks
2025-11-26 22:19:37.240: [INFO][Sync] Stopped: Preferences
2025-11-26 22:19:37.240: [INFO][Sync] Stopped: Passwords
2025-11-26 22:19:37.240: [INFO][Sync] Stopped: Autofill Profiles
2025-11-26 22:19:37.240: [INFO][Sync] Stopped: Autofill
2025-11-26 22:19:37.240: [INFO][Sync] Stopped: Extensions
2025-11-26 22:19:37.240: [INFO][Sync] Stopped: Sessions
2025-11-26 22:19:37.240: [INFO][Sync] Stopped: Extension settings
2025-11-26 22:19:37.240: [INFO][Sync] Stopped: History Delete Directives
2025-11-26 22:19:37.240: [INFO][Sync] Stopped: Device Info
2025-11-26 22:19:37.240: [INFO][Sync] Stopped: User Consents
2025-11-26 22:19:37.240: [INFO][Sync] Stopped: Send Tab To Self
2025-11-26 22:19:37.240: [INFO][Sync] Stopped: Web Apps
2025-11-26 22:19:37.240: [INFO][Sync] Stopped: History
2025-11-26 22:19:37.240: [INFO][Sync] Stopped: Saved Tab Group
2025-11-26 22:19:37.240: [INFO][Sync] Stopped: WebAuthn Credentials
2025-11-26 22:19:37.240: [INFO][Sync] Stopped: Collection
2025-11-26 22:19:37.240: [INFO][Sync] Stopped: Edge E Drop
2025-11-26 22:19:37.240: [INFO][Sync] Stopped: Edge Hub App Usage
2025-11-26 22:19:37.240: [INFO][Sync] Stopped: Edge Wallet
2025-11-26 22:19:37.240: [INFO][Sync] SyncState after authenticated was: NotSignedIn
2025-11-26 22:19:37.380: [INFO][Sync] Reset engine, reason: 8
2025-11-26 22:19:37.380: [INFO][Sync] Stopped: Bookmarks
2025-11-26 22:19:37.380: [INFO][Sync] Stopped: Preferences
2025-11-26 22:19:37.380: [INFO][Sync] Stopped: Passwords
2025-11-26 22:19:37.380: [INFO][Sync] Stopped: Autofill Profiles
2025-11-26 22:19:37.380: [INFO][Sync] Stopped: Autofill
2025-11-26 22:19:37.380: [INFO][Sync] Stopped: Extensions
2025-11-26 22:19:37.380: [INFO][Sync] Stopped: Sessions
2025-11-26 22:19:37.380: [INFO][Sync] Stopped: Extension settings
2025-11-26 22:19:37.380: [INFO][Sync] Stopped: History Delete Directives
2025-11-26 22:19:37.380: [INFO][Sync] Stopped: Device Info
2025-11-26 22:19:37.380: [INFO][Sync] Stopped: User Consents
2025-11-26 22:19:37.380: [INFO][Sync] Stopped: Send Tab To Self
2025-11-26 22:19:37.380: [INFO][Sync] Stopped: Web Apps
2025-11-26 22:19:37.380: [INFO][Sync] Stopped: History
2025-11-26 22:19:37.380: [INFO][Sync] Stopped: Saved Tab Group
2025-11-26 22:19:37.380: [INFO][Sync] Stopped: WebAuthn Credentials
2025-11-26 22:19:37.380: [INFO][Sync] Stopped: Collection
2025-11-26 22:19:37.380: [INFO][Sync] Stopped: Edge E Drop
2025-11-26 22:19:37.380: [INFO][Sync] Stopped: Edge Hub App Usage
2025-11-26 22:19:37.380: [INFO][Sync] Stopped: Edge Wallet
2025-11-26 22:21:46.964: [INFO][Sync] Reset engine, reason: 0
2025-11-26 22:22:52.255: [INFO][Sync] Reset engine, reason: 8
2025-11-26 22:22:52.255: [INFO][Sync] Stopped: Bookmarks
2025-11-26 22:22:52.255: [INFO][Sync] Stopped: Preferences
2025-11-26 22:22:52.256: [INFO][Sync] Stopped: Passwords
2025-11-26 22:22:52.256: [INFO][Sync] Stopped: Autofill Profiles
2025-11-26 22:22:52.256: [INFO][Sync] Stopped: Autofill
2025-11-26 22:22:52.256: [INFO][Sync] Stopped: Extensions
2025-11-26 22:22:52.256: [INFO][Sync] Stopped: Sessions
2025-11-26 22:22:52.256: [INFO][Sync] Stopped: Extension settings
2025-11-26 22:22:52.256: [INFO][Sync] Stopped: History Delete Directives
2025-11-26 22:22:52.256: [INFO][Sync] Stopped: Device Info
2025-11-26 22:22:52.256: [INFO][Sync] Stopped: User Consents
2025-11-26 22:22:52.256: [INFO][Sync] Stopped: Send Tab To Self
2025-11-26 22:22:52.256: [INFO][Sync] Stopped: Web Apps
2025-11-26 22:22:52.256: [INFO][Sync] Stopped: History
2025-11-26 22:22:52.256: [INFO][Sync] Stopped: Saved Tab Group
2025-11-26 22:22:52.256: [INFO][Sync] Stopped: WebAuthn Credentials
2025-11-26 22:22:52.256: [INFO][Sync] Stopped: Collection
2025-11-26 22:22:52.256: [INFO][Sync] Stopped: Edge E Drop
2025-11-26 22:22:52.256: [INFO][Sync] Stopped: Edge Hub App Usage
2025-11-26 22:22:52.256: [INFO][Sync] Stopped: Edge Wallet
2025-11-26 22:22:52.256: [INFO][Sync] SyncState after authenticated was: NotSignedIn
2025-11-26 22:22:52.411: [INFO][Sync] Reset engine, reason: 8
2025-11-26 22:22:52.411: [INFO][Sync] Stopped: Bookmarks
2025-11-26 22:22:52.411: [INFO][Sync] Stopped: Preferences
2025-11-26 22:22:52.411: [INFO][Sync] Stopped: Passwords
2025-11-26 22:22:52.411: [INFO][Sync] Stopped: Autofill Profiles
2025-11-26 22:22:52.411: [INFO][Sync] Stopped: Autofill
2025-11-26 22:22:52.411: [INFO][Sync] Stopped: Extensions
2025-11-26 22:22:52.411: [INFO][Sync] Stopped: Sessions
2025-11-26 22:22:52.411: [INFO][Sync] Stopped: Extension settings
2025-11-26 22:22:52.411: [INFO][Sync] Stopped: History Delete Directives
2025-11-26 22:22:52.411: [INFO][Sync] Stopped: Device Info
2025-11-26 22:22:52.411: [INFO][Sync] Stopped: User Consents
2025-11-26 22:22:52.411: [INFO][Sync] Stopped: Send Tab To Self
2025-11-26 22:22:52.411: [INFO][Sync] Stopped: Web Apps
2025-11-26 22:22:52.411: [INFO][Sync] Stopped: History
2025-11-26 22:22:52.411: [INFO][Sync] Stopped: Saved Tab Group
2025-11-26 22:22:52.411: [INFO][Sync] Stopped: WebAuthn Credentials
2025-11-26 22:22:52.411: [INFO][Sync] Stopped: Collection
2025-11-26 22:22:52.411: [INFO][Sync] Stopped: Edge E Drop
2025-11-26 22:22:52.411: [INFO][Sync] Stopped: Edge Hub App Usage
2025-11-26 22:22:52.411: [INFO][Sync] Stopped: Edge Wallet
2025-11-26 22:50:55.072: [INFO][Sync] Reset engine, reason: 0
2025-11-26 22:57:19.433: [INFO][Sync] Reset engine, reason: 8
2025-11-26 22:57:19.433: [INFO][Sync] Stopped: Bookmarks
2025-11-26 22:57:19.433: [INFO][Sync] Stopped: Preferences
2025-11-26 22:57:19.433: [INFO][Sync] Stopped: Passwords
2025-11-26 22:57:19.433: [INFO][Sync] Stopped: Autofill Profiles
2025-11-26 22:57:19.433: [INFO][Sync] Stopped: Autofill
2025-11-26 22:57:19.433: [INFO][Sync] Stopped: Extensions
2025-11-26 22:57:19.433: [INFO][Sync] Stopped: Sessions
2025-11-26 22:57:19.433: [INFO][Sync] Stopped: Extension settings
2025-11-26 22:57:19.433: [INFO][Sync] Stopped: History Delete Directives
2025-11-26 22:57:19.433: [INFO][Sync] Stopped: Device Info
2025-11-26 22:57:19.433: [INFO][Sync] Stopped: User Consents
2025-11-26 22:57:19.433: [INFO][Sync] Stopped: Send Tab To Self
2025-11-26 22:57:19.433: [INFO][Sync] Stopped: Web Apps
2025-11-26 22:57:19.433: [INFO][Sync] Stopped: History
2025-11-26 22:57:19.433: [INFO][Sync] Stopped: Saved Tab Group
2025-11-26 22:57:19.433: [INFO][Sync] Stopped: WebAuthn Credentials
2025-11-26 22:57:19.433: [INFO][Sync] Stopped: Collection
2025-11-26 22:57:19.433: [INFO][Sync] Stopped: Edge E Drop
2025-11-26 22:57:19.433: [INFO][Sync] Stopped: Edge Hub App Usage
2025-11-26 22:57:19.433: [INFO][Sync] Stopped: Edge Wallet
2025-11-26 22:57:19.433: [INFO][Sync] SyncState after authenticated was: NotSignedIn
2025-11-26 22:57:19.587: [INFO][Sync] Reset engine, reason: 8
2025-11-26 22:57:19.587: [INFO][Sync] Stopped: Bookmarks
2025-11-26 22:57:19.587: [INFO][Sync] Stopped: Preferences
2025-11-26 22:57:19.587: [INFO][Sync] Stopped: Passwords
2025-11-26 22:57:19.587: [INFO][Sync] Stopped: Autofill Profiles
2025-11-26 22:57:19.587: [INFO][Sync] Stopped: Autofill
2025-11-26 22:57:19.587: [INFO][Sync] Stopped: Extensions
2025-11-26 22:57:19.587: [INFO][Sync] Stopped: Sessions
2025-11-26 22:57:19.587: [INFO][Sync] Stopped: Extension settings
2025-11-26 22:57:19.587: [INFO][Sync] Stopped: History Delete Directives
2025-11-26 22:57:19.587: [INFO][Sync] Stopped: Device Info
2025-11-26 22:57:19.587: [INFO][Sync] Stopped: User Consents
2025-11-26 22:57:19.587: [INFO][Sync] Stopped: Send Tab To Self
2025-11-26 22:57:19.587: [INFO][Sync] Stopped: Web Apps
2025-11-26 22:57:19.587: [INFO][Sync] Stopped: History
2025-11-26 22:57:19.587: [INFO][Sync] Stopped: Saved Tab Group
2025-11-26 22:57:19.587: [INFO][Sync] Stopped: WebAuthn Credentials
2025-11-26 22:57:19.587: [INFO][Sync] Stopped: Collection
2025-11-26 22:57:19.587: [INFO][Sync] Stopped: Edge E Drop
2025-11-26 22:57:19.587: [INFO][Sync] Stopped: Edge Hub App Usage
2025-11-26 22:57:19.588: [INFO][Sync] Stopped: Edge Wallet
2025-11-26 22:59:53.396: [INFO][Sync] Reset engine, reason: 0
2025-11-26 23:00:23.728: [INFO][Sync] Reset engine, reason: 8
2025-11-26 23:00:23.728: [INFO][Sync] Stopped: Bookmarks
2025-11-26 23:00:23.728: [INFO][Sync] Stopped: Preferences
2025-11-26 23:00:23.728: [INFO][Sync] Stopped: Passwords
2025-11-26 23:00:23.728: [INFO][Sync] Stopped: Autofill Profiles
2025-11-26 23:00:23.728: [INFO][Sync] Stopped: Autofill
2025-11-26 23:00:23.728: [INFO][Sync] Stopped: Extensions
2025-11-26 23:00:23.728: [INFO][Sync] Stopped: Sessions
2025-11-26 23:00:23.728: [INFO][Sync] Stopped: Extension settings
2025-11-26 23:00:23.728: [INFO][Sync] Stopped: History Delete Directives
2025-11-26 23:00:23.728: [INFO][Sync] Stopped: Device Info
2025-11-26 23:00:23.728: [INFO][Sync] Stopped: User Consents
2025-11-26 23:00:23.728: [INFO][Sync] Stopped: Send Tab To Self
2025-11-26 23:00:23.728: [INFO][Sync] Stopped: Web Apps
2025-11-26 23:00:23.728: [INFO][Sync] Stopped: History
2025-11-26 23:00:23.728: [INFO][Sync] Stopped: Saved Tab Group
2025-11-26 23:00:23.728: [INFO][Sync] Stopped: WebAuthn Credentials
2025-11-26 23:00:23.728: [INFO][Sync] Stopped: Collection
2025-11-26 23:00:23.728: [INFO][Sync] Stopped: Edge E Drop
2025-11-26 23:00:23.728: [INFO][Sync] Stopped: Edge Hub App Usage
2025-11-26 23:00:23.728: [INFO][Sync] Stopped: Edge Wallet
2025-11-26 23:00:23.728: [INFO][Sync] SyncState after authenticated was: NotSignedIn
2025-11-26 23:00:23.918: [INFO][Sync] Reset engine, reason: 8
2025-11-26 23:00:23.918: [INFO][Sync] Stopped: Bookmarks
2025-11-26 23:00:23.918: [INFO][Sync] Stopped: Preferences
2025-11-26 23:00:23.918: [INFO][Sync] Stopped: Passwords
2025-11-26 23:00:23.918: [INFO][Sync] Stopped: Autofill Profiles
2025-11-26 23:00:23.918: [INFO][Sync] Stopped: Autofill
2025-11-26 23:00:23.918: [INFO][Sync] Stopped: Extensions
2025-11-26 23:00:23.918: [INFO][Sync] Stopped: Sessions
2025-11-26 23:00:23.918: [INFO][Sync] Stopped: Extension settings
2025-11-26 23:00:23.918: [INFO][Sync] Stopped: History Delete Directives
2025-11-26 23:00:23.918: [INFO][Sync] Stopped: Device Info
2025-11-26 23:00:23.918: [INFO][Sync] Stopped: User Consents
2025-11-26 23:00:23.918: [INFO][Sync] Stopped: Send Tab To Self
2025-11-26 23:00:23.918: [INFO][Sync] Stopped: Web Apps
2025-11-26 23:00:23.918: [INFO][Sync] Stopped: History
2025-11-26 23:00:23.918: [INFO][Sync] Stopped: Saved Tab Group
2025-11-26 23:00:23.918: [INFO][Sync] Stopped: WebAuthn Credentials
2025-11-26 23:00:23.918: [INFO][Sync] Stopped: Collection
2025-11-26 23:00:23.918: [INFO][Sync] Stopped: Edge E Drop
2025-11-26 23:00:23.918: [INFO][Sync] Stopped: Edge Hub App Usage
2025-11-26 23:00:23.918: [INFO][Sync] Stopped: Edge Wallet
2025-11-26 23:03:46.067: [INFO][Sync] Reset engine, reason: 0
2025-11-26 23:04:25.960: [INFO][Sync] Reset engine, reason: 8
2025-11-26 23:04:25.960: [INFO][Sync] Stopped: Bookmarks
2025-11-26 23:04:25.960: [INFO][Sync] Stopped: Preferences
2025-11-26 23:04:25.960: [INFO][Sync] Stopped: Passwords
2025-11-26 23:04:25.960: [INFO][Sync] Stopped: Autofill Profiles
2025-11-26 23:04:25.960: [INFO][Sync] Stopped: Autofill
2025-11-26 23:04:25.960: [INFO][Sync] Stopped: Extensions
2025-11-26 23:04:25.960: [INFO][Sync] Stopped: Sessions
2025-11-26 23:04:25.960: [INFO][Sync] Stopped: Extension settings
2025-11-26 23:04:25.960: [INFO][Sync] Stopped: History Delete Directives
2025-11-26 23:04:25.960: [INFO][Sync] Stopped: Device Info
2025-11-26 23:04:25.960: [INFO][Sync] Stopped: User Consents
2025-11-26 23:04:25.960: [INFO][Sync] Stopped: Send Tab To Self
2025-11-26 23:04:25.960: [INFO][Sync] Stopped: Web Apps
2025-11-26 23:04:25.960: [INFO][Sync] Stopped: History
2025-11-26 23:04:25.960: [INFO][Sync] Stopped: Saved Tab Group
2025-11-26 23:04:25.960: [INFO][Sync] Stopped: WebAuthn Credentials
2025-11-26 23:04:25.960: [INFO][Sync] Stopped: Collection
2025-11-26 23:04:25.960: [INFO][Sync] Stopped: Edge E Drop
2025-11-26 23:04:25.960: [INFO][Sync] Stopped: Edge Hub App Usage
2025-11-26 23:04:25.960: [INFO][Sync] Stopped: Edge Wallet
2025-11-26 23:04:25.960: [INFO][Sync] SyncState after authenticated was: NotSignedIn
2025-11-26 23:04:26.148: [INFO][Sync] Reset engine, reason: 8
2025-11-26 23:04:26.148: [INFO][Sync] Stopped: Bookmarks
2025-11-26 23:04:26.148: [INFO][Sync] Stopped: Preferences
2025-11-26 23:04:26.148: [INFO][Sync] Stopped: Passwords
2025-11-26 23:04:26.148: [INFO][Sync] Stopped: Autofill Profiles
2025-11-26 23:04:26.148: [INFO][Sync] Stopped: Autofill
2025-11-26 23:04:26.148: [INFO][Sync] Stopped: Extensions
2025-11-26 23:04:26.148: [INFO][Sync] Stopped: Sessions
2025-11-26 23:04:26.148: [INFO][Sync] Stopped: Extension settings
2025-11-26 23:04:26.148: [INFO][Sync] Stopped: History Delete Directives
2025-11-26 23:04:26.148: [INFO][Sync] Stopped: Device Info
2025-11-26 23:04:26.148: [INFO][Sync] Stopped: User Consents
2025-11-26 23:04:26.148: [INFO][Sync] Stopped: Send Tab To Self
2025-11-26 23:04:26.148: [INFO][Sync] Stopped: Web Apps
2025-11-26 23:04:26.148: [INFO][Sync] Stopped: History
2025-11-26 23:04:26.148: [INFO][Sync] Stopped: Saved Tab Group
2025-11-26 23:04:26.148: [INFO][Sync] Stopped: WebAuthn Credentials
2025-11-26 23:04:26.148: [INFO][Sync] Stopped: Collection
2025-11-26 23:04:26.148: [INFO][Sync] Stopped: Edge E Drop
2025-11-26 23:04:26.148: [INFO][Sync] Stopped: Edge Hub App Usage
2025-11-26 23:04:26.148: [INFO][Sync] Stopped: Edge Wallet
2025-11-26 23:16:45.922: [INFO][Sync] Reset engine, reason: 0
